/work/seanma0627/RL_2026_Final/.venv/lib/python3.10/site-packages/timm/models/layers/__init__.py:48: FutureWarning: Importing from timm.models.layers is deprecated, please import via timm.layers
  warnings.warn(f"Importing from {__name__} is deprecated, please import via timm.layers", FutureWarning)
/work/seanma0627/RL_2026_Final/.venv/lib/python3.10/site-packages/timm/models/hub.py:4: FutureWarning: Importing from timm.models.hub is deprecated, please import via timm.models
  warnings.warn(f"Importing from {__name__} is deprecated, please import via timm.models", FutureWarning)
/work/seanma0627/RL_2026_Final/.venv/lib/python3.10/site-packages/timm/models/registry.py:4: FutureWarning: Importing from timm.models.registry is deprecated, please import via timm.models
  warnings.warn(f"Importing from {__name__} is deprecated, please import via timm.models", FutureWarning)
/work/seanma0627/RL_2026_Final/.venv/lib/python3.10/site-packages/timm/models/helpers.py:7: FutureWarning: Importing from timm.models.helpers is deprecated, please import via timm.models
  warnings.warn(f"Importing from {__name__} is deprecated, please import via timm.models", FutureWarning)
Loading pipeline components...:   0%|          | 0/9 [00:00<?, ?it/s]Loading pipeline components...:  22%|██▏       | 2/9 [00:00<00:00, 19.15it/s]You set `add_prefix_space`. The tokenizer needs to be converted from the slow tokenizers
Loading pipeline components...:  44%|████▍     | 4/9 [00:00<00:00,  9.31it/s]Loading pipeline components...:  67%|██████▋   | 6/9 [00:01<00:00,  4.32it/s]
Loading checkpoint shards:   0%|          | 0/2 [00:00<?, ?it/s][A
Loading checkpoint shards:  50%|█████     | 1/2 [00:01<00:01,  1.72s/it][A
Loading checkpoint shards: 100%|██████████| 2/2 [00:03<00:00,  1.69s/it][ALoading checkpoint shards: 100%|██████████| 2/2 [00:03<00:00,  1.70s/it]
Loading pipeline components...:  78%|███████▊  | 7/9 [00:04<00:02,  1.02s/it]Loading pipeline components...: 100%|██████████| 9/9 [00:06<00:00,  1.02it/s]Loading pipeline components...: 100%|██████████| 9/9 [00:06<00:00,  1.40it/s]
Loading LoRA to Transformer from ckpt/SR_LoRA/model_20001.pkl
Loading LoRA to VAE from ckpt/SR_VAE/vae_encoder_20001.pt
Loading VLM model: ckpt/VLM_FT/coz_tune_rrep
Loading checkpoint shards:   0%|          | 0/2 [00:00<?, ?it/s]Loading checkpoint shards:  50%|█████     | 1/2 [00:05<00:05,  5.57s/it]Loading checkpoint shards: 100%|██████████| 2/2 [00:09<00:00,  4.34s/it]Loading checkpoint shards: 100%|██████████| 2/2 [00:09<00:00,  4.53s/it]
Using a slow image processor as `use_fast` is unset and a slow processor was saved with this model. `use_fast=True` will be the default behavior in v4.48, even if the model was saved with a slow processor. This will result in minor differences in outputs. You'll still be able to use a slow processor with `use_fast=False`.
Base VLM LOADING COMPLETE
Using full-FT VLM model without LoRA adapter
There are 30 images.
Align Method Used: nofix
Prompt Type: vlm
#### IMAGE: 0801.png
RECURSION: 0
CROP@rec0 strategy=center bbox=(192,192,320,320) of 512x512
START IMAGE PATH: results/tune_rrep_sr/per-sample/0801/0.png
INPUT IMAGE PATH: results/tune_rrep_sr/per-sample/0801/1_input.png
MESSAGE TEXT: The second image is a zoom-in of the first image. Based on this knowledge, what is in the second image? Give me a set of words.
MESSAGES
[{'role': 'system', 'content': 'The second image is a zoom-in of the first image. Based on this knowledge, what is in the second image? Give me a set of words.'}, {'role': 'user', 'content': [{'type': 'image', 'image': 'results/tune_rrep_sr/per-sample/0801/0.png'}, {'type': 'image', 'image': 'results/tune_rrep_sr/per-sample/0801/1_input.png'}]}]
TAG: animal, bird, rock, penguin, beak, feathers, black, white, yellow, tail, legs, standing, close-up, nature, wildlife
RECURSION: 1
CROP@rec1 strategy=center bbox=(192,192,320,320) of 512x512
START IMAGE PATH: results/tune_rrep_sr/per-sample/0801/1.png
INPUT IMAGE PATH: results/tune_rrep_sr/per-sample/0801/2_input.png
MESSAGE TEXT: The second image is a zoom-in of the first image. Based on this knowledge, what is in the second image? Give me a set of words.
MESSAGES
[{'role': 'system', 'content': 'The second image is a zoom-in of the first image. Based on this knowledge, what is in the second image? Give me a set of words.'}, {'role': 'user', 'content': [{'type': 'image', 'image': 'results/tune_rrep_sr/per-sample/0801/1.png'}, {'type': 'image', 'image': 'results/tune_rrep_sr/per-sample/0801/2_input.png'}]}]
TAG: animal, fur, black, white, texture, close-up, detail, pattern, natural, fur, animal, skin, coat, texture, closeup,
RECURSION: 2
CROP@rec2 strategy=center bbox=(192,192,320,320) of 512x512
START IMAGE PATH: results/tune_rrep_sr/per-sample/0801/2.png
INPUT IMAGE PATH: results/tune_rrep_sr/per-sample/0801/3_input.png
MESSAGE TEXT: The second image is a zoom-in of the first image. Based on this knowledge, what is in the second image? Give me a set of words.
MESSAGES
[{'role': 'system', 'content': 'The second image is a zoom-in of the first image. Based on this knowledge, what is in the second image? Give me a set of words.'}, {'role': 'user', 'content': [{'type': 'image', 'image': 'results/tune_rrep_sr/per-sample/0801/2.png'}, {'type': 'image', 'image': 'results/tune_rrep_sr/per-sample/0801/3_input.png'}]}]
TAG: wood, texture, close-up, detail, grain, pattern, natural, surface, material, woodwork, craftsmanship, design, aesthetic, texture, natural,
RECURSION: 3
CROP@rec3 strategy=center bbox=(192,192,320,320) of 512x512
START IMAGE PATH: results/tune_rrep_sr/per-sample/0801/3.png
INPUT IMAGE PATH: results/tune_rrep_sr/per-sample/0801/4_input.png
MESSAGE TEXT: The second image is a zoom-in of the first image. Based on this knowledge, what is in the second image? Give me a set of words.
MESSAGES
[{'role': 'system', 'content': 'The second image is a zoom-in of the first image. Based on this knowledge, what is in the second image? Give me a set of words.'}, {'role': 'user', 'content': [{'type': 'image', 'image': 'results/tune_rrep_sr/per-sample/0801/3.png'}, {'type': 'image', 'image': 'results/tune_rrep_sr/per-sample/0801/4_input.png'}]}]
TAG: wood texture, close-up, natural pattern, grain, bark, dark, light, contrast, detail, natural, organic, rough, smooth, texture, surface
#### IMAGE: 0802.png
RECURSION: 0
CROP@rec0 strategy=center bbox=(192,192,320,320) of 512x512
START IMAGE PATH: results/tune_rrep_sr/per-sample/0802/0.png
INPUT IMAGE PATH: results/tune_rrep_sr/per-sample/0802/1_input.png
MESSAGE TEXT: The second image is a zoom-in of the first image. Based on this knowledge, what is in the second image? Give me a set of words.
MESSAGES
[{'role': 'system', 'content': 'The second image is a zoom-in of the first image. Based on this knowledge, what is in the second image? Give me a set of words.'}, {'role': 'user', 'content': [{'type': 'image', 'image': 'results/tune_rrep_sr/per-sample/0802/0.png'}, {'type': 'image', 'image': 'results/tune_rrep_sr/per-sample/0802/1_input.png'}]}]
TAG: lemon lime citrus fruit green yellow closeup texture fresh vibrant juicy ripe
RECURSION: 1
CROP@rec1 strategy=center bbox=(192,192,320,320) of 512x512
START IMAGE PATH: results/tune_rrep_sr/per-sample/0802/1.png
INPUT IMAGE PATH: results/tune_rrep_sr/per-sample/0802/2_input.png
MESSAGE TEXT: The second image is a zoom-in of the first image. Based on this knowledge, what is in the second image? Give me a set of words.
MESSAGES
[{'role': 'system', 'content': 'The second image is a zoom-in of the first image. Based on this knowledge, what is in the second image? Give me a set of words.'}, {'role': 'user', 'content': [{'type': 'image', 'image': 'results/tune_rrep_sr/per-sample/0802/1.png'}, {'type': 'image', 'image': 'results/tune_rrep_sr/per-sample/0802/2_input.png'}]}]
TAG: lemon, lime, citrus, fruit, close-up, vibrant, juicy, fresh, green, yellow, texture, skin, peel, pucker, sour
RECURSION: 2
CROP@rec2 strategy=center bbox=(192,192,320,320) of 512x512
START IMAGE PATH: results/tune_rrep_sr/per-sample/0802/2.png
INPUT IMAGE PATH: results/tune_rrep_sr/per-sample/0802/3_input.png
MESSAGE TEXT: The second image is a zoom-in of the first image. Based on this knowledge, what is in the second image? Give me a set of words.
MESSAGES
[{'role': 'system', 'content': 'The second image is a zoom-in of the first image. Based on this knowledge, what is in the second image? Give me a set of words.'}, {'role': 'user', 'content': [{'type': 'image', 'image': 'results/tune_rrep_sr/per-sample/0802/2.png'}, {'type': 'image', 'image': 'results/tune_rrep_sr/per-sample/0802/3_input.png'}]}]
TAG: Lime, Close-up, Texture, Green, Citrus, Macro, Dark Background, Sharp Focus, Skin, Rind, Juicy, Fresh, Vitamin
RECURSION: 3
CROP@rec3 strategy=center bbox=(192,192,320,320) of 512x512
START IMAGE PATH: results/tune_rrep_sr/per-sample/0802/3.png
INPUT IMAGE PATH: results/tune_rrep_sr/per-sample/0802/4_input.png
MESSAGE TEXT: The second image is a zoom-in of the first image. Based on this knowledge, what is in the second image? Give me a set of words.
MESSAGES
[{'role': 'system', 'content': 'The second image is a zoom-in of the first image. Based on this knowledge, what is in the second image? Give me a set of words.'}, {'role': 'user', 'content': [{'type': 'image', 'image': 'results/tune_rrep_sr/per-sample/0802/3.png'}, {'type': 'image', 'image': 'results/tune_rrep_sr/per-sample/0802/4_input.png'}]}]
TAG: leaf, veins, close-up, macro, green, texture, natural, plant, detail, intricate, vibrant, bright, illuminated, dark, contrast, natural
#### IMAGE: 0803.png
RECURSION: 0
CROP@rec0 strategy=center bbox=(192,192,320,320) of 512x512
START IMAGE PATH: results/tune_rrep_sr/per-sample/0803/0.png
INPUT IMAGE PATH: results/tune_rrep_sr/per-sample/0803/1_input.png
MESSAGE TEXT: The second image is a zoom-in of the first image. Based on this knowledge, what is in the second image? Give me a set of words.
MESSAGES
[{'role': 'system', 'content': 'The second image is a zoom-in of the first image. Based on this knowledge, what is in the second image? Give me a set of words.'}, {'role': 'user', 'content': [{'type': 'image', 'image': 'results/tune_rrep_sr/per-sample/0803/0.png'}, {'type': 'image', 'image': 'results/tune_rrep_sr/per-sample/0803/1_input.png'}]}]
TAG: Fritillaria, orange, flower, leaves, green, close-up, vibrant, garden, nature, beauty, detailed, petals, stem, blooming
RECURSION: 1
CROP@rec1 strategy=center bbox=(192,192,320,320) of 512x512
START IMAGE PATH: results/tune_rrep_sr/per-sample/0803/1.png
INPUT IMAGE PATH: results/tune_rrep_sr/per-sample/0803/2_input.png
MESSAGE TEXT: The second image is a zoom-in of the first image. Based on this knowledge, what is in the second image? Give me a set of words.
MESSAGES
[{'role': 'system', 'content': 'The second image is a zoom-in of the first image. Based on this knowledge, what is in the second image? Give me a set of words.'}, {'role': 'user', 'content': [{'type': 'image', 'image': 'results/tune_rrep_sr/per-sample/0803/1.png'}, {'type': 'image', 'image': 'results/tune_rrep_sr/per-sample/0803/2_input.png'}]}]
TAG: leaves, green, close-up, nature, vibrant, texture, plant, detail, leafy, foliage, growth, natural, bright, fresh, outdoor
RECURSION: 2
CROP@rec2 strategy=center bbox=(192,192,320,320) of 512x512
START IMAGE PATH: results/tune_rrep_sr/per-sample/0803/2.png
INPUT IMAGE PATH: results/tune_rrep_sr/per-sample/0803/3_input.png
MESSAGE TEXT: The second image is a zoom-in of the first image. Based on this knowledge, what is in the second image? Give me a set of words.
MESSAGES
[{'role': 'system', 'content': 'The second image is a zoom-in of the first image. Based on this knowledge, what is in the second image? Give me a set of words.'}, {'role': 'user', 'content': [{'type': 'image', 'image': 'results/tune_rrep_sr/per-sample/0803/2.png'}, {'type': 'image', 'image': 'results/tune_rrep_sr/per-sample/0803/3_input.png'}]}]
TAG: leaf, green, close-up, texture, nature, vibrant, detailed, macro, plant, leafy, foliage, natural, bright, fresh, greenery
RECURSION: 3
CROP@rec3 strategy=center bbox=(192,192,320,320) of 512x512
START IMAGE PATH: results/tune_rrep_sr/per-sample/0803/3.png
INPUT IMAGE PATH: results/tune_rrep_sr/per-sample/0803/4_input.png
MESSAGE TEXT: The second image is a zoom-in of the first image. Based on this knowledge, what is in the second image? Give me a set of words.
MESSAGES
[{'role': 'system', 'content': 'The second image is a zoom-in of the first image. Based on this knowledge, what is in the second image? Give me a set of words.'}, {'role': 'user', 'content': [{'type': 'image', 'image': 'results/tune_rrep_sr/per-sample/0803/3.png'}, {'type': 'image', 'image': 'results/tune_rrep_sr/per-sample/0803/4_input.png'}]}]
TAG: leaf, vein, texture, macro, green, close-up, natural, plant, detail, intricate, vibrant, fresh, organic, nature, growth, environment
#### IMAGE: 0804.png
RECURSION: 0
CROP@rec0 strategy=center bbox=(192,192,320,320) of 512x512
START IMAGE PATH: results/tune_rrep_sr/per-sample/0804/0.png
INPUT IMAGE PATH: results/tune_rrep_sr/per-sample/0804/1_input.png
MESSAGE TEXT: The second image is a zoom-in of the first image. Based on this knowledge, what is in the second image? Give me a set of words.
MESSAGES
[{'role': 'system', 'content': 'The second image is a zoom-in of the first image. Based on this knowledge, what is in the second image? Give me a set of words.'}, {'role': 'user', 'content': [{'type': 'image', 'image': 'results/tune_rrep_sr/per-sample/0804/0.png'}, {'type': 'image', 'image': 'results/tune_rrep_sr/per-sample/0804/1_input.png'}]}]
TAG: Rodeo, men, jeans, belts, hats, crowd, arena, dirt, blue fence, spectators, cowboy boots, plaid shirts, western wear
RECURSION: 1
CROP@rec1 strategy=center bbox=(192,192,320,320) of 512x512
START IMAGE PATH: results/tune_rrep_sr/per-sample/0804/1.png
INPUT IMAGE PATH: results/tune_rrep_sr/per-sample/0804/2_input.png
MESSAGE TEXT: The second image is a zoom-in of the first image. Based on this knowledge, what is in the second image? Give me a set of words.
MESSAGES
[{'role': 'system', 'content': 'The second image is a zoom-in of the first image. Based on this knowledge, what is in the second image? Give me a set of words.'}, {'role': 'user', 'content': [{'type': 'image', 'image': 'results/tune_rrep_sr/per-sample/0804/1.png'}, {'type': 'image', 'image': 'results/tune_rrep_sr/per-sample/0804/2_input.png'}]}]
TAG: Jeans, belt, pocket, plaid shirt, close-up, detail, fashion, casual, jeans pocket, belt buckle, fabric texture, clothing, denim
RECURSION: 2
CROP@rec2 strategy=center bbox=(192,192,320,320) of 512x512
START IMAGE PATH: results/tune_rrep_sr/per-sample/0804/2.png
INPUT IMAGE PATH: results/tune_rrep_sr/per-sample/0804/3_input.png
MESSAGE TEXT: The second image is a zoom-in of the first image. Based on this knowledge, what is in the second image? Give me a set of words.
MESSAGES
[{'role': 'system', 'content': 'The second image is a zoom-in of the first image. Based on this knowledge, what is in the second image? Give me a set of words.'}, {'role': 'user', 'content': [{'type': 'image', 'image': 'results/tune_rrep_sr/per-sample/0804/2.png'}, {'type': 'image', 'image': 'results/tune_rrep_sr/per-sample/0804/3_input.png'}]}]
TAG: Jeans, belt, pocket, stitching, fabric, leather, buckle, waistband, denim, casual, fashion, close-up, detail, texture, color
RECURSION: 3
CROP@rec3 strategy=center bbox=(192,192,320,320) of 512x512
START IMAGE PATH: results/tune_rrep_sr/per-sample/0804/3.png
INPUT IMAGE PATH: results/tune_rrep_sr/per-sample/0804/4_input.png
MESSAGE TEXT: The second image is a zoom-in of the first image. Based on this knowledge, what is in the second image? Give me a set of words.
MESSAGES
[{'role': 'system', 'content': 'The second image is a zoom-in of the first image. Based on this knowledge, what is in the second image? Give me a set of words.'}, {'role': 'user', 'content': [{'type': 'image', 'image': 'results/tune_rrep_sr/per-sample/0804/3.png'}, {'type': 'image', 'image': 'results/tune_rrep_sr/per-sample/0804/4_input.png'}]}]
TAG: Jeans, belt, stitching, leather, texture, close-up, detail, denim, fashion, accessory, brown, button, jeans pocket, fabric, material
#### IMAGE: 0805.png
RECURSION: 0
CROP@rec0 strategy=center bbox=(192,192,320,320) of 512x512
START IMAGE PATH: results/tune_rrep_sr/per-sample/0805/0.png
INPUT IMAGE PATH: results/tune_rrep_sr/per-sample/0805/1_input.png
MESSAGE TEXT: The second image is a zoom-in of the first image. Based on this knowledge, what is in the second image? Give me a set of words.
MESSAGES
[{'role': 'system', 'content': 'The second image is a zoom-in of the first image. Based on this knowledge, what is in the second image? Give me a set of words.'}, {'role': 'user', 'content': [{'type': 'image', 'image': 'results/tune_rrep_sr/per-sample/0805/0.png'}, {'type': 'image', 'image': 'results/tune_rrep_sr/per-sample/0805/1_input.png'}]}]
TAG: Wolf, Close-up, Face, Fur, Eyes, Nose, Profile, Snow, Winter, Nature, Wildlife, Wild, Canine, Predator, Beast,
RECURSION: 1
CROP@rec1 strategy=center bbox=(192,192,320,320) of 512x512
START IMAGE PATH: results/tune_rrep_sr/per-sample/0805/1.png
INPUT IMAGE PATH: results/tune_rrep_sr/per-sample/0805/2_input.png
MESSAGE TEXT: The second image is a zoom-in of the first image. Based on this knowledge, what is in the second image? Give me a set of words.
MESSAGES
[{'role': 'system', 'content': 'The second image is a zoom-in of the first image. Based on this knowledge, what is in the second image? Give me a set of words.'}, {'role': 'user', 'content': [{'type': 'image', 'image': 'results/tune_rrep_sr/per-sample/0805/1.png'}, {'type': 'image', 'image': 'results/tune_rrep_sr/per-sample/0805/2_input.png'}]}]
TAG: animal fur, close-up, texture, fur detail, white, gray, fluffy, soft, natural, fur pattern, animal coat, close-up shot, fur
RECURSION: 2
CROP@rec2 strategy=center bbox=(192,192,320,320) of 512x512
START IMAGE PATH: results/tune_rrep_sr/per-sample/0805/2.png
INPUT IMAGE PATH: results/tune_rrep_sr/per-sample/0805/3_input.png
MESSAGE TEXT: The second image is a zoom-in of the first image. Based on this knowledge, what is in the second image? Give me a set of words.
MESSAGES
[{'role': 'system', 'content': 'The second image is a zoom-in of the first image. Based on this knowledge, what is in the second image? Give me a set of words.'}, {'role': 'user', 'content': [{'type': 'image', 'image': 'results/tune_rrep_sr/per-sample/0805/2.png'}, {'type': 'image', 'image': 'results/tune_rrep_sr/per-sample/0805/3_input.png'}]}]
TAG: Fur texture, Close-up, Soft, Fluffy, Natural, Light, Beige, Warm, Cozy, Detail, Animal, Wool, Fur,
RECURSION: 3
CROP@rec3 strategy=center bbox=(192,192,320,320) of 512x512
START IMAGE PATH: results/tune_rrep_sr/per-sample/0805/3.png
INPUT IMAGE PATH: results/tune_rrep_sr/per-sample/0805/4_input.png
MESSAGE TEXT: The second image is a zoom-in of the first image. Based on this knowledge, what is in the second image? Give me a set of words.
MESSAGES
[{'role': 'system', 'content': 'The second image is a zoom-in of the first image. Based on this knowledge, what is in the second image? Give me a set of words.'}, {'role': 'user', 'content': [{'type': 'image', 'image': 'results/tune_rrep_sr/per-sample/0805/3.png'}, {'type': 'image', 'image': 'results/tune_rrep_sr/per-sample/0805/4_input.png'}]}]
TAG: Fur texture, Close-up, Soft, Natural, Creamy, Cozy, Fluffy, Animal, Warmth, Detail, Pattern, Background, Surface
#### IMAGE: 0806.png
RECURSION: 0
CROP@rec0 strategy=center bbox=(192,192,320,320) of 512x512
START IMAGE PATH: results/tune_rrep_sr/per-sample/0806/0.png
INPUT IMAGE PATH: results/tune_rrep_sr/per-sample/0806/1_input.png
MESSAGE TEXT: The second image is a zoom-in of the first image. Based on this knowledge, what is in the second image? Give me a set of words.
MESSAGES
[{'role': 'system', 'content': 'The second image is a zoom-in of the first image. Based on this knowledge, what is in the second image? Give me a set of words.'}, {'role': 'user', 'content': [{'type': 'image', 'image': 'results/tune_rrep_sr/per-sample/0806/0.png'}, {'type': 'image', 'image': 'results/tune_rrep_sr/per-sample/0806/1_input.png'}]}]
TAG: Beach, palm tree, lounge chairs, ocean, sky, clouds, vacation, relaxation, tropical, serene, picturesque, vacation spot, coastal, sunny,
RECURSION: 1
CROP@rec1 strategy=center bbox=(192,192,320,320) of 512x512
START IMAGE PATH: results/tune_rrep_sr/per-sample/0806/1.png
INPUT IMAGE PATH: results/tune_rrep_sr/per-sample/0806/2_input.png
MESSAGE TEXT: The second image is a zoom-in of the first image. Based on this knowledge, what is in the second image? Give me a set of words.
MESSAGES
[{'role': 'system', 'content': 'The second image is a zoom-in of the first image. Based on this knowledge, what is in the second image? Give me a set of words.'}, {'role': 'user', 'content': [{'type': 'image', 'image': 'results/tune_rrep_sr/per-sample/0806/1.png'}, {'type': 'image', 'image': 'results/tune_rrep_sr/per-sample/0806/2_input.png'}]}]
TAG: Sky, Palm, Leaf, Branch, Green, Blue, Clouds, Nature, Outdoors, Summer, Tropical, Fresh, Vibrant, Serene,
RECURSION: 2
CROP@rec2 strategy=center bbox=(192,192,320,320) of 512x512
START IMAGE PATH: results/tune_rrep_sr/per-sample/0806/2.png
INPUT IMAGE PATH: results/tune_rrep_sr/per-sample/0806/3_input.png
MESSAGE TEXT: The second image is a zoom-in of the first image. Based on this knowledge, what is in the second image? Give me a set of words.
MESSAGES
[{'role': 'system', 'content': 'The second image is a zoom-in of the first image. Based on this knowledge, what is in the second image? Give me a set of words.'}, {'role': 'user', 'content': [{'type': 'image', 'image': 'results/tune_rrep_sr/per-sample/0806/2.png'}, {'type': 'image', 'image': 'results/tune_rrep_sr/per-sample/0806/3_input.png'}]}]
TAG: leaf, palm, green, texture, close-up, nature, outdoors, sky, sunlight, details, vibrant, summer, tropical, serene, peaceful, natural
RECURSION: 3
CROP@rec3 strategy=center bbox=(192,192,320,320) of 512x512
START IMAGE PATH: results/tune_rrep_sr/per-sample/0806/3.png
INPUT IMAGE PATH: results/tune_rrep_sr/per-sample/0806/4_input.png
MESSAGE TEXT: The second image is a zoom-in of the first image. Based on this knowledge, what is in the second image? Give me a set of words.
MESSAGES
[{'role': 'system', 'content': 'The second image is a zoom-in of the first image. Based on this knowledge, what is in the second image? Give me a set of words.'}, {'role': 'user', 'content': [{'type': 'image', 'image': 'results/tune_rrep_sr/per-sample/0806/3.png'}, {'type': 'image', 'image': 'results/tune_rrep_sr/per-sample/0806/4_input.png'}]}]
TAG: leaf, close-up, texture, green, veins, sunlight, shadow, natural, plant, detail, macro, nature, outdoor, environment, growth, leaf
#### IMAGE: 0807.png
RECURSION: 0
CROP@rec0 strategy=center bbox=(192,192,320,320) of 512x512
START IMAGE PATH: results/tune_rrep_sr/per-sample/0807/0.png
INPUT IMAGE PATH: results/tune_rrep_sr/per-sample/0807/1_input.png
MESSAGE TEXT: The second image is a zoom-in of the first image. Based on this knowledge, what is in the second image? Give me a set of words.
MESSAGES
[{'role': 'system', 'content': 'The second image is a zoom-in of the first image. Based on this knowledge, what is in the second image? Give me a set of words.'}, {'role': 'user', 'content': [{'type': 'image', 'image': 'results/tune_rrep_sr/per-sample/0807/0.png'}, {'type': 'image', 'image': 'results/tune_rrep_sr/per-sample/0807/1_input.png'}]}]
TAG: lake, mountain, trees, boats, dock, water, green, clear, serene, nature, landscape, tranquil, peaceful, scenic, view, reflection,
RECURSION: 1
CROP@rec1 strategy=center bbox=(192,192,320,320) of 512x512
START IMAGE PATH: results/tune_rrep_sr/per-sample/0807/1.png
INPUT IMAGE PATH: results/tune_rrep_sr/per-sample/0807/2_input.png
MESSAGE TEXT: The second image is a zoom-in of the first image. Based on this knowledge, what is in the second image? Give me a set of words.
MESSAGES
[{'role': 'system', 'content': 'The second image is a zoom-in of the first image. Based on this knowledge, what is in the second image? Give me a set of words.'}, {'role': 'user', 'content': [{'type': 'image', 'image': 'results/tune_rrep_sr/per-sample/0807/1.png'}, {'type': 'image', 'image': 'results/tune_rrep_sr/per-sample/0807/2_input.png'}]}]
TAG: Island, Branches, Water, Turquoise, Green, Reflection, Nature, Landscape, Close-up, Detail, Aquatic, Vegetation, Skyline
RECURSION: 2
CROP@rec2 strategy=center bbox=(192,192,320,320) of 512x512
START IMAGE PATH: results/tune_rrep_sr/per-sample/0807/2.png
INPUT IMAGE PATH: results/tune_rrep_sr/per-sample/0807/3_input.png
MESSAGE TEXT: The second image is a zoom-in of the first image. Based on this knowledge, what is in the second image? Give me a set of words.
MESSAGES
[{'role': 'system', 'content': 'The second image is a zoom-in of the first image. Based on this knowledge, what is in the second image? Give me a set of words.'}, {'role': 'user', 'content': [{'type': 'image', 'image': 'results/tune_rrep_sr/per-sample/0807/2.png'}, {'type': 'image', 'image': 'results/tune_rrep_sr/per-sample/0807/3_input.png'}]}]
TAG: tree, branch, water, green, turquoise, clear, underwater, reflection, nature, landscape, serene, tranquil, calm, aquatic, environment, flora,
RECURSION: 3
CROP@rec3 strategy=center bbox=(192,192,320,320) of 512x512
START IMAGE PATH: results/tune_rrep_sr/per-sample/0807/3.png
INPUT IMAGE PATH: results/tune_rrep_sr/per-sample/0807/4_input.png
MESSAGE TEXT: The second image is a zoom-in of the first image. Based on this knowledge, what is in the second image? Give me a set of words.
MESSAGES
[{'role': 'system', 'content': 'The second image is a zoom-in of the first image. Based on this knowledge, what is in the second image? Give me a set of words.'}, {'role': 'user', 'content': [{'type': 'image', 'image': 'results/tune_rrep_sr/per-sample/0807/3.png'}, {'type': 'image', 'image': 'results/tune_rrep_sr/per-sample/0807/4_input.png'}]}]
TAG: Tree branch, web, green background, zoomed-in view, close-up, natural, twig, spider, webbing, texture, detail, nature, outdoor
#### IMAGE: 0808.png
RECURSION: 0
CROP@rec0 strategy=center bbox=(192,192,320,320) of 512x512
START IMAGE PATH: results/tune_rrep_sr/per-sample/0808/0.png
INPUT IMAGE PATH: results/tune_rrep_sr/per-sample/0808/1_input.png
MESSAGE TEXT: The second image is a zoom-in of the first image. Based on this knowledge, what is in the second image? Give me a set of words.
MESSAGES
[{'role': 'system', 'content': 'The second image is a zoom-in of the first image. Based on this knowledge, what is in the second image? Give me a set of words.'}, {'role': 'user', 'content': [{'type': 'image', 'image': 'results/tune_rrep_sr/per-sample/0808/0.png'}, {'type': 'image', 'image': 'results/tune_rrep_sr/per-sample/0808/1_input.png'}]}]
TAG: Boat, Dock, Water, Mountains, Trees, Buildings, Reflection, Clear Sky, Serene, Rustic, Traditional, Nautical, Nature, Landscape
RECURSION: 1
CROP@rec1 strategy=center bbox=(192,192,320,320) of 512x512
START IMAGE PATH: results/tune_rrep_sr/per-sample/0808/1.png
INPUT IMAGE PATH: results/tune_rrep_sr/per-sample/0808/2_input.png
MESSAGE TEXT: The second image is a zoom-in of the first image. Based on this knowledge, what is in the second image? Give me a set of words.
MESSAGES
[{'role': 'system', 'content': 'The second image is a zoom-in of the first image. Based on this knowledge, what is in the second image? Give me a set of words.'}, {'role': 'user', 'content': [{'type': 'image', 'image': 'results/tune_rrep_sr/per-sample/0808/1.png'}, {'type': 'image', 'image': 'results/tune_rrep_sr/per-sample/0808/2_input.png'}]}]
TAG: wooden dock, red barns, trees, water, rocks, grass, mountains, rustic, countryside, peaceful, serene, natural, landscape, architecture,
RECURSION: 2
CROP@rec2 strategy=center bbox=(192,192,320,320) of 512x512
START IMAGE PATH: results/tune_rrep_sr/per-sample/0808/2.png
INPUT IMAGE PATH: results/tune_rrep_sr/per-sample/0808/3_input.png
MESSAGE TEXT: The second image is a zoom-in of the first image. Based on this knowledge, what is in the second image? Give me a set of words.
MESSAGES
[{'role': 'system', 'content': 'The second image is a zoom-in of the first image. Based on this knowledge, what is in the second image? Give me a set of words.'}, {'role': 'user', 'content': [{'type': 'image', 'image': 'results/tune_rrep_sr/per-sample/0808/2.png'}, {'type': 'image', 'image': 'results/tune_rrep_sr/per-sample/0808/3_input.png'}]}]
TAG: red barn, open door, wooden beams, greenery, rocks, grass, weathered, rustic, countryside, old-fashioned, farm, entrance, wooden,
RECURSION: 3
CROP@rec3 strategy=center bbox=(192,192,320,320) of 512x512
START IMAGE PATH: results/tune_rrep_sr/per-sample/0808/3.png
INPUT IMAGE PATH: results/tune_rrep_sr/per-sample/0808/4_input.png
MESSAGE TEXT: The second image is a zoom-in of the first image. Based on this knowledge, what is in the second image? Give me a set of words.
MESSAGES
[{'role': 'system', 'content': 'The second image is a zoom-in of the first image. Based on this knowledge, what is in the second image? Give me a set of words.'}, {'role': 'user', 'content': [{'type': 'image', 'image': 'results/tune_rrep_sr/per-sample/0808/3.png'}, {'type': 'image', 'image': 'results/tune_rrep_sr/per-sample/0808/4_input.png'}]}]
TAG: red barn, vertical lines, dark sky, greenery, close-up, texture, wooden, rustic, outdoor, farm, countryside, nature, shadows, details
#### IMAGE: 0809.png
RECURSION: 0
CROP@rec0 strategy=center bbox=(192,192,320,320) of 512x512
START IMAGE PATH: results/tune_rrep_sr/per-sample/0809/0.png
INPUT IMAGE PATH: results/tune_rrep_sr/per-sample/0809/1_input.png
MESSAGE TEXT: The second image is a zoom-in of the first image. Based on this knowledge, what is in the second image? Give me a set of words.
MESSAGES
[{'role': 'system', 'content': 'The second image is a zoom-in of the first image. Based on this knowledge, what is in the second image? Give me a set of words.'}, {'role': 'user', 'content': [{'type': 'image', 'image': 'results/tune_rrep_sr/per-sample/0809/0.png'}, {'type': 'image', 'image': 'results/tune_rrep_sr/per-sample/0809/1_input.png'}]}]
TAG: Lion, tongue, grass, close-up, nose, whiskers, fur, eyes, mouth, teeth, whisker, mane, tree, leaf,
RECURSION: 1
CROP@rec1 strategy=center bbox=(192,192,320,320) of 512x512
START IMAGE PATH: results/tune_rrep_sr/per-sample/0809/1.png
INPUT IMAGE PATH: results/tune_rrep_sr/per-sample/0809/2_input.png
MESSAGE TEXT: The second image is a zoom-in of the first image. Based on this knowledge, what is in the second image? Give me a set of words.
MESSAGES
[{'role': 'system', 'content': 'The second image is a zoom-in of the first image. Based on this knowledge, what is in the second image? Give me a set of words.'}, {'role': 'user', 'content': [{'type': 'image', 'image': 'results/tune_rrep_sr/per-sample/0809/1.png'}, {'type': 'image', 'image': 'results/tune_rrep_sr/per-sample/0809/2_input.png'}]}]
TAG: Lion, tongue, close-up, fur, whiskers, nose, mouth, petting, affectionate, domestication, animal, wildlife, nature,
RECURSION: 2
CROP@rec2 strategy=center bbox=(192,192,320,320) of 512x512
START IMAGE PATH: results/tune_rrep_sr/per-sample/0809/2.png
INPUT IMAGE PATH: results/tune_rrep_sr/per-sample/0809/3_input.png
MESSAGE TEXT: The second image is a zoom-in of the first image. Based on this knowledge, what is in the second image? Give me a set of words.
MESSAGES
[{'role': 'system', 'content': 'The second image is a zoom-in of the first image. Based on this knowledge, what is in the second image? Give me a set of words.'}, {'role': 'user', 'content': [{'type': 'image', 'image': 'results/tune_rrep_sr/per-sample/0809/2.png'}, {'type': 'image', 'image': 'results/tune_rrep_sr/per-sample/0809/3_input.png'}]}]
TAG: animal, fur, close-up, eye, detail, texture, natural, soft, fluffy, brown, black, white, eyes, whiskers, nose,
RECURSION: 3
CROP@rec3 strategy=center bbox=(192,192,320,320) of 512x512
START IMAGE PATH: results/tune_rrep_sr/per-sample/0809/3.png
INPUT IMAGE PATH: results/tune_rrep_sr/per-sample/0809/4_input.png
MESSAGE TEXT: The second image is a zoom-in of the first image. Based on this knowledge, what is in the second image? Give me a set of words.
MESSAGES
[{'role': 'system', 'content': 'The second image is a zoom-in of the first image. Based on this knowledge, what is in the second image? Give me a set of words.'}, {'role': 'user', 'content': [{'type': 'image', 'image': 'results/tune_rrep_sr/per-sample/0809/3.png'}, {'type': 'image', 'image': 'results/tune_rrep_sr/per-sample/0809/4_input.png'}]}]
TAG: Hair, Close-up, Texture, Color, Blonde, Dark, Contrast, Detail, Strands, Softness, Natural, Human, Hairline, Ends,
#### IMAGE: 0810.png
RECURSION: 0
CROP@rec0 strategy=center bbox=(192,192,320,320) of 512x512
START IMAGE PATH: results/tune_rrep_sr/per-sample/0810/0.png
INPUT IMAGE PATH: results/tune_rrep_sr/per-sample/0810/1_input.png
MESSAGE TEXT: The second image is a zoom-in of the first image. Based on this knowledge, what is in the second image? Give me a set of words.
MESSAGES
[{'role': 'system', 'content': 'The second image is a zoom-in of the first image. Based on this knowledge, what is in the second image? Give me a set of words.'}, {'role': 'user', 'content': [{'type': 'image', 'image': 'results/tune_rrep_sr/per-sample/0810/0.png'}, {'type': 'image', 'image': 'results/tune_rrep_sr/per-sample/0810/1_input.png'}]}]
TAG: Squirrel, tail, fur, rock, greenery, close-up, detail, texture, nature, wildlife, animal, outdoors, forest, park, environment
RECURSION: 1
CROP@rec1 strategy=center bbox=(192,192,320,320) of 512x512
START IMAGE PATH: results/tune_rrep_sr/per-sample/0810/1.png
INPUT IMAGE PATH: results/tune_rrep_sr/per-sample/0810/2_input.png
MESSAGE TEXT: The second image is a zoom-in of the first image. Based on this knowledge, what is in the second image? Give me a set of words.
MESSAGES
[{'role': 'system', 'content': 'The second image is a zoom-in of the first image. Based on this knowledge, what is in the second image? Give me a set of words.'}, {'role': 'user', 'content': [{'type': 'image', 'image': 'results/tune_rrep_sr/per-sample/0810/1.png'}, {'type': 'image', 'image': 'results/tune_rrep_sr/per-sample/0810/2_input.png'}]}]
TAG: animal fur texture, close-up view, natural pattern, fur detail, animal skin, soft texture, natural color, fur texture, animal coat, close-up shot
RECURSION: 2
CROP@rec2 strategy=center bbox=(192,192,320,320) of 512x512
START IMAGE PATH: results/tune_rrep_sr/per-sample/0810/2.png
INPUT IMAGE PATH: results/tune_rrep_sr/per-sample/0810/3_input.png
MESSAGE TEXT: The second image is a zoom-in of the first image. Based on this knowledge, what is in the second image? Give me a set of words.
MESSAGES
[{'role': 'system', 'content': 'The second image is a zoom-in of the first image. Based on this knowledge, what is in the second image? Give me a set of words.'}, {'role': 'user', 'content': [{'type': 'image', 'image': 'results/tune_rrep_sr/per-sample/0810/2.png'}, {'type': 'image', 'image': 'results/tune_rrep_sr/per-sample/0810/3_input.png'}]}]
TAG: Fur texture, Close-up view, Animal fur, Softness, Detail, Natural, Cozy, Warmth, Fluffy, Soft, Textured,
RECURSION: 3
CROP@rec3 strategy=center bbox=(192,192,320,320) of 512x512
START IMAGE PATH: results/tune_rrep_sr/per-sample/0810/3.png
INPUT IMAGE PATH: results/tune_rrep_sr/per-sample/0810/4_input.png
MESSAGE TEXT: The second image is a zoom-in of the first image. Based on this knowledge, what is in the second image? Give me a set of words.
MESSAGES
[{'role': 'system', 'content': 'The second image is a zoom-in of the first image. Based on this knowledge, what is in the second image? Give me a set of words.'}, {'role': 'user', 'content': [{'type': 'image', 'image': 'results/tune_rrep_sr/per-sample/0810/3.png'}, {'type': 'image', 'image': 'results/tune_rrep_sr/per-sample/0810/4_input.png'}]}]
TAG: Hair, Close-up, Texture, Detail, Macro, Fuzzy, Soft, Shaggy, Coarse, Natural, Animal, Human, Fur, Mane
#### IMAGE: 0811.png
RECURSION: 0
CROP@rec0 strategy=center bbox=(192,192,320,320) of 512x512
START IMAGE PATH: results/tune_rrep_sr/per-sample/0811/0.png
INPUT IMAGE PATH: results/tune_rrep_sr/per-sample/0811/1_input.png
MESSAGE TEXT: The second image is a zoom-in of the first image. Based on this knowledge, what is in the second image? Give me a set of words.
MESSAGES
[{'role': 'system', 'content': 'The second image is a zoom-in of the first image. Based on this knowledge, what is in the second image? Give me a set of words.'}, {'role': 'user', 'content': [{'type': 'image', 'image': 'results/tune_rrep_sr/per-sample/0811/0.png'}, {'type': 'image', 'image': 'results/tune_rrep_sr/per-sample/0811/1_input.png'}]}]
TAG: surfboard, ocean, beach, grass, rocks, surfers, waves, coastline, nature, outdoor, leisure, activity, summer, vacation, adventure,
RECURSION: 1
CROP@rec1 strategy=center bbox=(192,192,320,320) of 512x512
START IMAGE PATH: results/tune_rrep_sr/per-sample/0811/1.png
INPUT IMAGE PATH: results/tune_rrep_sr/per-sample/0811/2_input.png
MESSAGE TEXT: The second image is a zoom-in of the first image. Based on this knowledge, what is in the second image? Give me a set of words.
MESSAGES
[{'role': 'system', 'content': 'The second image is a zoom-in of the first image. Based on this knowledge, what is in the second image? Give me a set of words.'}, {'role': 'user', 'content': [{'type': 'image', 'image': 'results/tune_rrep_sr/per-sample/0811/1.png'}, {'type': 'image', 'image': 'results/tune_rrep_sr/per-sample/0811/2_input.png'}]}]
TAG: Rocks, Water, Shoreline, Reflection, Dark, Blue, Shallow, Rocky, Coastal, Natural, Texture, Surface, Close-up, Detail,
RECURSION: 2
CROP@rec2 strategy=center bbox=(192,192,320,320) of 512x512
START IMAGE PATH: results/tune_rrep_sr/per-sample/0811/2.png
INPUT IMAGE PATH: results/tune_rrep_sr/per-sample/0811/3_input.png
MESSAGE TEXT: The second image is a zoom-in of the first image. Based on this knowledge, what is in the second image? Give me a set of words.
MESSAGES
[{'role': 'system', 'content': 'The second image is a zoom-in of the first image. Based on this knowledge, what is in the second image? Give me a set of words.'}, {'role': 'user', 'content': [{'type': 'image', 'image': 'results/tune_rrep_sr/per-sample/0811/2.png'}, {'type': 'image', 'image': 'results/tune_rrep_sr/per-sample/0811/3_input.png'}]}]
TAG: Rocks, Water, Reflections, Dark, Blue, Surface, Shallow, Rocks, Ocean, Waves, Natural, Scenery, Close-up, Detail
RECURSION: 3
CROP@rec3 strategy=center bbox=(192,192,320,320) of 512x512
START IMAGE PATH: results/tune_rrep_sr/per-sample/0811/3.png
INPUT IMAGE PATH: results/tune_rrep_sr/per-sample/0811/4_input.png
MESSAGE TEXT: The second image is a zoom-in of the first image. Based on this knowledge, what is in the second image? Give me a set of words.
MESSAGES
[{'role': 'system', 'content': 'The second image is a zoom-in of the first image. Based on this knowledge, what is in the second image? Give me a set of words.'}, {'role': 'user', 'content': [{'type': 'image', 'image': 'results/tune_rrep_sr/per-sample/0811/3.png'}, {'type': 'image', 'image': 'results/tune_rrep_sr/per-sample/0811/4_input.png'}]}]
TAG: Ocean, Water, Surface, Ripples, Dark, Night, Calm, Wave, Texture, Nighttime, Sea, Reflection, Blue, Nightly,
#### IMAGE: 0812.png
RECURSION: 0
CROP@rec0 strategy=center bbox=(192,192,320,320) of 512x512
START IMAGE PATH: results/tune_rrep_sr/per-sample/0812/0.png
INPUT IMAGE PATH: results/tune_rrep_sr/per-sample/0812/1_input.png
MESSAGE TEXT: The second image is a zoom-in of the first image. Based on this knowledge, what is in the second image? Give me a set of words.
MESSAGES
[{'role': 'system', 'content': 'The second image is a zoom-in of the first image. Based on this knowledge, what is in the second image? Give me a set of words.'}, {'role': 'user', 'content': [{'type': 'image', 'image': 'results/tune_rrep_sr/per-sample/0812/0.png'}, {'type': 'image', 'image': 'results/tune_rrep_sr/per-sample/0812/1_input.png'}]}]
TAG: Statue, sculpture, architecture, building, outdoors, daytime, clear sky, greenery, pedestal, columns, statue, details, close-up, zoom-in
RECURSION: 1
CROP@rec1 strategy=center bbox=(192,192,320,320) of 512x512
START IMAGE PATH: results/tune_rrep_sr/per-sample/0812/1.png
INPUT IMAGE PATH: results/tune_rrep_sr/per-sample/0812/2_input.png
MESSAGE TEXT: The second image is a zoom-in of the first image. Based on this knowledge, what is in the second image? Give me a set of words.
MESSAGES
[{'role': 'system', 'content': 'The second image is a zoom-in of the first image. Based on this knowledge, what is in the second image? Give me a set of words.'}, {'role': 'user', 'content': [{'type': 'image', 'image': 'results/tune_rrep_sr/per-sample/0812/1.png'}, {'type': 'image', 'image': 'results/tune_rrep_sr/per-sample/0812/2_input.png'}]}]
TAG: Statue, Close-up, Detail, Black, Fabric, Clothing, Artwork, Historical, Figure, Architecture, Background, Details, Texture, Metal, Sculpt
RECURSION: 2
CROP@rec2 strategy=center bbox=(192,192,320,320) of 512x512
START IMAGE PATH: results/tune_rrep_sr/per-sample/0812/2.png
INPUT IMAGE PATH: results/tune_rrep_sr/per-sample/0812/3_input.png
MESSAGE TEXT: The second image is a zoom-in of the first image. Based on this knowledge, what is in the second image? Give me a set of words.
MESSAGES
[{'role': 'system', 'content': 'The second image is a zoom-in of the first image. Based on this knowledge, what is in the second image? Give me a set of words.'}, {'role': 'user', 'content': [{'type': 'image', 'image': 'results/tune_rrep_sr/per-sample/0812/2.png'}, {'type': 'image', 'image': 'results/tune_rrep_sr/per-sample/0812/3_input.png'}]}]
TAG: Buttocks, thigh, skin texture, close-up, black background, dark color, smooth surface, natural lighting, detailed view, intimate angle, body part
RECURSION: 3
CROP@rec3 strategy=center bbox=(192,192,320,320) of 512x512
START IMAGE PATH: results/tune_rrep_sr/per-sample/0812/3.png
INPUT IMAGE PATH: results/tune_rrep_sr/per-sample/0812/4_input.png
MESSAGE TEXT: The second image is a zoom-in of the first image. Based on this knowledge, what is in the second image? Give me a set of words.
MESSAGES
[{'role': 'system', 'content': 'The second image is a zoom-in of the first image. Based on this knowledge, what is in the second image? Give me a set of words.'}, {'role': 'user', 'content': [{'type': 'image', 'image': 'results/tune_rrep_sr/per-sample/0812/3.png'}, {'type': 'image', 'image': 'results/tune_rrep_sr/per-sample/0812/4_input.png'}]}]
TAG: Planet, Surface, Close-up, Craters, Texture, Dark, Space, Exploration, Moon, Atmosphere, Shadows, Light, Contrast, Detail, Geographic
#### IMAGE: 0813.png
RECURSION: 0
CROP@rec0 strategy=center bbox=(192,192,320,320) of 512x512
START IMAGE PATH: results/tune_rrep_sr/per-sample/0813/0.png
INPUT IMAGE PATH: results/tune_rrep_sr/per-sample/0813/1_input.png
MESSAGE TEXT: The second image is a zoom-in of the first image. Based on this knowledge, what is in the second image? Give me a set of words.
MESSAGES
[{'role': 'system', 'content': 'The second image is a zoom-in of the first image. Based on this knowledge, what is in the second image? Give me a set of words.'}, {'role': 'user', 'content': [{'type': 'image', 'image': 'results/tune_rrep_sr/per-sample/0813/0.png'}, {'type': 'image', 'image': 'results/tune_rrep_sr/per-sample/0813/1_input.png'}]}]
TAG: Wheelchair, patient, medical staff, gloves, uniforms, hospital, equipment, assistance, care, treatment, recovery, injury, disabled, wheelchair-bound, mobility
RECURSION: 1
CROP@rec1 strategy=center bbox=(192,192,320,320) of 512x512
START IMAGE PATH: results/tune_rrep_sr/per-sample/0813/1.png
INPUT IMAGE PATH: results/tune_rrep_sr/per-sample/0813/2_input.png
MESSAGE TEXT: The second image is a zoom-in of the first image. Based on this knowledge, what is in the second image? Give me a set of words.
MESSAGES
[{'role': 'system', 'content': 'The second image is a zoom-in of the first image. Based on this knowledge, what is in the second image? Give me a set of words.'}, {'role': 'user', 'content': [{'type': 'image', 'image': 'results/tune_rrep_sr/per-sample/0813/1.png'}, {'type': 'image', 'image': 'results/tune_rrep_sr/per-sample/0813/2_input.png'}]}]
TAG: medical bag, gloves, wheelchair, patient, medical equipment, bandage, bandages, bandage application, bandaging, medical procedure, healthcare, medical care
RECURSION: 2
CROP@rec2 strategy=center bbox=(192,192,320,320) of 512x512
START IMAGE PATH: results/tune_rrep_sr/per-sample/0813/2.png
INPUT IMAGE PATH: results/tune_rrep_sr/per-sample/0813/3_input.png
MESSAGE TEXT: The second image is a zoom-in of the first image. Based on this knowledge, what is in the second image? Give me a set of words.
MESSAGES
[{'role': 'system', 'content': 'The second image is a zoom-in of the first image. Based on this knowledge, what is in the second image? Give me a set of words.'}, {'role': 'user', 'content': [{'type': 'image', 'image': 'results/tune_rrep_sr/per-sample/0813/2.png'}, {'type': 'image', 'image': 'results/tune_rrep_sr/per-sample/0813/3_input.png'}]}]
TAG: blue, green, yellow, black, zigzag, pillow, close-up, detail, texture, pattern, fabric, soft, plush, vibrant, colorful,
RECURSION: 3
CROP@rec3 strategy=center bbox=(192,192,320,320) of 512x512
START IMAGE PATH: results/tune_rrep_sr/per-sample/0813/3.png
INPUT IMAGE PATH: results/tune_rrep_sr/per-sample/0813/4_input.png
MESSAGE TEXT: The second image is a zoom-in of the first image. Based on this knowledge, what is in the second image? Give me a set of words.
MESSAGES
[{'role': 'system', 'content': 'The second image is a zoom-in of the first image. Based on this knowledge, what is in the second image? Give me a set of words.'}, {'role': 'user', 'content': [{'type': 'image', 'image': 'results/tune_rrep_sr/per-sample/0813/3.png'}, {'type': 'image', 'image': 'results/tune_rrep_sr/per-sample/0813/4_input.png'}]}]
TAG: Blue, green, fabric, close-up, texture, pattern, detail, color, contrast, stitching, weave, material, surface, design, patterned,
#### IMAGE: 0814.png
RECURSION: 0
CROP@rec0 strategy=center bbox=(192,192,320,320) of 512x512
START IMAGE PATH: results/tune_rrep_sr/per-sample/0814/0.png
INPUT IMAGE PATH: results/tune_rrep_sr/per-sample/0814/1_input.png
MESSAGE TEXT: The second image is a zoom-in of the first image. Based on this knowledge, what is in the second image? Give me a set of words.
MESSAGES
[{'role': 'system', 'content': 'The second image is a zoom-in of the first image. Based on this knowledge, what is in the second image? Give me a set of words.'}, {'role': 'user', 'content': [{'type': 'image', 'image': 'results/tune_rrep_sr/per-sample/0814/0.png'}, {'type': 'image', 'image': 'results/tune_rrep_sr/per-sample/0814/1_input.png'}]}]
TAG: night, cityscape, Singapore, Marina Bay Sands, illuminated, skyline, architecture, modern, buildings, reflection, water, nightlights, stars, sky,
RECURSION: 1
CROP@rec1 strategy=center bbox=(192,192,320,320) of 512x512
START IMAGE PATH: results/tune_rrep_sr/per-sample/0814/1.png
INPUT IMAGE PATH: results/tune_rrep_sr/per-sample/0814/2_input.png
MESSAGE TEXT: The second image is a zoom-in of the first image. Based on this knowledge, what is in the second image? Give me a set of words.
MESSAGES
[{'role': 'system', 'content': 'The second image is a zoom-in of the first image. Based on this knowledge, what is in the second image? Give me a set of words.'}, {'role': 'user', 'content': [{'type': 'image', 'image': 'results/tune_rrep_sr/per-sample/0814/1.png'}, {'type': 'image', 'image': 'results/tune_rrep_sr/per-sample/0814/2_input.png'}]}]
TAG: Night, Singapore, Marina Bay Sands, hotel, illuminated, architecture, modern, skyline, reflection, water, night view, illuminated windows, blue light, night
RECURSION: 2
CROP@rec2 strategy=center bbox=(192,192,320,320) of 512x512
START IMAGE PATH: results/tune_rrep_sr/per-sample/0814/2.png
INPUT IMAGE PATH: results/tune_rrep_sr/per-sample/0814/3_input.png
MESSAGE TEXT: The second image is a zoom-in of the first image. Based on this knowledge, what is in the second image? Give me a set of words.
MESSAGES
[{'role': 'system', 'content': 'The second image is a zoom-in of the first image. Based on this knowledge, what is in the second image? Give me a set of words.'}, {'role': 'user', 'content': [{'type': 'image', 'image': 'results/tune_rrep_sr/per-sample/0814/2.png'}, {'type': 'image', 'image': 'results/tune_rrep_sr/per-sample/0814/3_input.png'}]}]
TAG: Building, reflection, windows, blue light, night, urban, skyscraper, illuminated, modern, glass, architecture, cityscape, evening, skyline, reflection
RECURSION: 3
CROP@rec3 strategy=center bbox=(192,192,320,320) of 512x512
START IMAGE PATH: results/tune_rrep_sr/per-sample/0814/3.png
INPUT IMAGE PATH: results/tune_rrep_sr/per-sample/0814/4_input.png
MESSAGE TEXT: The second image is a zoom-in of the first image. Based on this knowledge, what is in the second image? Give me a set of words.
MESSAGES
[{'role': 'system', 'content': 'The second image is a zoom-in of the first image. Based on this knowledge, what is in the second image? Give me a set of words.'}, {'role': 'user', 'content': [{'type': 'image', 'image': 'results/tune_rrep_sr/per-sample/0814/3.png'}, {'type': 'image', 'image': 'results/tune_rrep_sr/per-sample/0814/4_input.png'}]}]
TAG: building, windows, reflection, blue roof, sunlight, glass, modern, urban, architecture, exterior, facade, glass panes, reflections, sky, light
#### IMAGE: 0815.png
RECURSION: 0
CROP@rec0 strategy=center bbox=(192,192,320,320) of 512x512
START IMAGE PATH: results/tune_rrep_sr/per-sample/0815/0.png
INPUT IMAGE PATH: results/tune_rrep_sr/per-sample/0815/1_input.png
MESSAGE TEXT: The second image is a zoom-in of the first image. Based on this knowledge, what is in the second image? Give me a set of words.
MESSAGES
[{'role': 'system', 'content': 'The second image is a zoom-in of the first image. Based on this knowledge, what is in the second image? Give me a set of words.'}, {'role': 'user', 'content': [{'type': 'image', 'image': 'results/tune_rrep_sr/per-sample/0815/0.png'}, {'type': 'image', 'image': 'results/tune_rrep_sr/per-sample/0815/1_input.png'}]}]
TAG: Fungus, Forest, Close-up, Spores, Cap, Stalk, Pine, Grass, Nature, Outdoor, Wild, Mushroom, Texture, Color
RECURSION: 1
CROP@rec1 strategy=center bbox=(192,192,320,320) of 512x512
START IMAGE PATH: results/tune_rrep_sr/per-sample/0815/1.png
INPUT IMAGE PATH: results/tune_rrep_sr/per-sample/0815/2_input.png
MESSAGE TEXT: The second image is a zoom-in of the first image. Based on this knowledge, what is in the second image? Give me a set of words.
MESSAGES
[{'role': 'system', 'content': 'The second image is a zoom-in of the first image. Based on this knowledge, what is in the second image? Give me a set of words.'}, {'role': 'user', 'content': [{'type': 'image', 'image': 'results/tune_rrep_sr/per-sample/0815/1.png'}, {'type': 'image', 'image': 'results/tune_rrep_sr/per-sample/0815/2_input.png'}]}]
TAG: fruit, close-up, texture, skin, yellow, brown, spots, natural, fresh, vibrant, juicy, detailed, macro, nature, organic, food
RECURSION: 2
CROP@rec2 strategy=center bbox=(192,192,320,320) of 512x512
START IMAGE PATH: results/tune_rrep_sr/per-sample/0815/2.png
INPUT IMAGE PATH: results/tune_rrep_sr/per-sample/0815/3_input.png
MESSAGE TEXT: The second image is a zoom-in of the first image. Based on this knowledge, what is in the second image? Give me a set of words.
MESSAGES
[{'role': 'system', 'content': 'The second image is a zoom-in of the first image. Based on this knowledge, what is in the second image? Give me a set of words.'}, {'role': 'user', 'content': [{'type': 'image', 'image': 'results/tune_rrep_sr/per-sample/0815/2.png'}, {'type': 'image', 'image': 'results/tune_rrep_sr/per-sample/0815/3_input.png'}]}]
TAG: fruit, texture, close-up, yellow, skin, surface, detail, macro, natural, fresh, juicy, soft, smooth, pattern, organic, vibrant
RECURSION: 3
CROP@rec3 strategy=center bbox=(192,192,320,320) of 512x512
START IMAGE PATH: results/tune_rrep_sr/per-sample/0815/3.png
INPUT IMAGE PATH: results/tune_rrep_sr/per-sample/0815/4_input.png
MESSAGE TEXT: The second image is a zoom-in of the first image. Based on this knowledge, what is in the second image? Give me a set of words.
MESSAGES
[{'role': 'system', 'content': 'The second image is a zoom-in of the first image. Based on this knowledge, what is in the second image? Give me a set of words.'}, {'role': 'user', 'content': [{'type': 'image', 'image': 'results/tune_rrep_sr/per-sample/0815/3.png'}, {'type': 'image', 'image': 'results/tune_rrep_sr/per-sample/0815/4_input.png'}]}]
TAG: sponge, texture, close-up, yellow, porous, soft, fluffy, natural, kitchen, cleaning, absorbent, material, surface, detail, macro
#### IMAGE: 0816.png
RECURSION: 0
CROP@rec0 strategy=center bbox=(192,192,320,320) of 512x512
START IMAGE PATH: results/tune_rrep_sr/per-sample/0816/0.png
INPUT IMAGE PATH: results/tune_rrep_sr/per-sample/0816/1_input.png
MESSAGE TEXT: The second image is a zoom-in of the first image. Based on this knowledge, what is in the second image? Give me a set of words.
MESSAGES
[{'role': 'system', 'content': 'The second image is a zoom-in of the first image. Based on this knowledge, what is in the second image? Give me a set of words.'}, {'role': 'user', 'content': [{'type': 'image', 'image': 'results/tune_rrep_sr/per-sample/0816/0.png'}, {'type': 'image', 'image': 'results/tune_rrep_sr/per-sample/0816/1_input.png'}]}]
TAG: stone, carving, ancient, artifact, museum, exhibit, detailed, intricate, historical, craftsmanship, art, sculpture, relief, carvings, stonecar
RECURSION: 1
CROP@rec1 strategy=center bbox=(192,192,320,320) of 512x512
START IMAGE PATH: results/tune_rrep_sr/per-sample/0816/1.png
INPUT IMAGE PATH: results/tune_rrep_sr/per-sample/0816/2_input.png
MESSAGE TEXT: The second image is a zoom-in of the first image. Based on this knowledge, what is in the second image? Give me a set of words.
MESSAGES
[{'role': 'system', 'content': 'The second image is a zoom-in of the first image. Based on this knowledge, what is in the second image? Give me a set of words.'}, {'role': 'user', 'content': [{'type': 'image', 'image': 'results/tune_rrep_sr/per-sample/0816/1.png'}, {'type': 'image', 'image': 'results/tune_rrep_sr/per-sample/0816/2_input.png'}]}]
TAG: stone, sculpture, ancient, art, detail, carving, historical, artifact, craftsmanship, intricate, decorative, religious, figure, statue, monument, temple,
RECURSION: 2
CROP@rec2 strategy=center bbox=(192,192,320,320) of 512x512
START IMAGE PATH: results/tune_rrep_sr/per-sample/0816/2.png
INPUT IMAGE PATH: results/tune_rrep_sr/per-sample/0816/3_input.png
MESSAGE TEXT: The second image is a zoom-in of the first image. Based on this knowledge, what is in the second image? Give me a set of words.
MESSAGES
[{'role': 'system', 'content': 'The second image is a zoom-in of the first image. Based on this knowledge, what is in the second image? Give me a set of words.'}, {'role': 'user', 'content': [{'type': 'image', 'image': 'results/tune_rrep_sr/per-sample/0816/2.png'}, {'type': 'image', 'image': 'results/tune_rrep_sr/per-sample/0816/3_input.png'}]}]
TAG: Stone sculpture, head detail, ancient, weathered, historical artifact, craftsmanship, art, portrait, face, eyes, nose, mouth, ears, hair,
RECURSION: 3
CROP@rec3 strategy=center bbox=(192,192,320,320) of 512x512
START IMAGE PATH: results/tune_rrep_sr/per-sample/0816/3.png
INPUT IMAGE PATH: results/tune_rrep_sr/per-sample/0816/4_input.png
MESSAGE TEXT: The second image is a zoom-in of the first image. Based on this knowledge, what is in the second image? Give me a set of words.
MESSAGES
[{'role': 'system', 'content': 'The second image is a zoom-in of the first image. Based on this knowledge, what is in the second image? Give me a set of words.'}, {'role': 'user', 'content': [{'type': 'image', 'image': 'results/tune_rrep_sr/per-sample/0816/3.png'}, {'type': 'image', 'image': 'results/tune_rrep_sr/per-sample/0816/4_input.png'}]}]
TAG: Stone, Sculpture, Detail, Face, Ancient, Art, Texture, Weathered, Carving, Historical, Artistic, Close-up, Ancient, Stone
#### IMAGE: 0817.png
RECURSION: 0
CROP@rec0 strategy=center bbox=(192,192,320,320) of 512x512
START IMAGE PATH: results/tune_rrep_sr/per-sample/0817/0.png
INPUT IMAGE PATH: results/tune_rrep_sr/per-sample/0817/1_input.png
MESSAGE TEXT: The second image is a zoom-in of the first image. Based on this knowledge, what is in the second image? Give me a set of words.
MESSAGES
[{'role': 'system', 'content': 'The second image is a zoom-in of the first image. Based on this knowledge, what is in the second image? Give me a set of words.'}, {'role': 'user', 'content': [{'type': 'image', 'image': 'results/tune_rrep_sr/per-sample/0817/0.png'}, {'type': 'image', 'image': 'results/tune_rrep_sr/per-sample/0817/1_input.png'}]}]
TAG: Snorkeling, underwater, pufferfish, scuba diving, snorkel, mask, fins, ocean, aquatic, wildlife, marine life, close-up
RECURSION: 1
CROP@rec1 strategy=center bbox=(192,192,320,320) of 512x512
START IMAGE PATH: results/tune_rrep_sr/per-sample/0817/1.png
INPUT IMAGE PATH: results/tune_rrep_sr/per-sample/0817/2_input.png
MESSAGE TEXT: The second image is a zoom-in of the first image. Based on this knowledge, what is in the second image? Give me a set of words.
MESSAGES
[{'role': 'system', 'content': 'The second image is a zoom-in of the first image. Based on this knowledge, what is in the second image? Give me a set of words.'}, {'role': 'user', 'content': [{'type': 'image', 'image': 'results/tune_rrep_sr/per-sample/0817/1.png'}, {'type': 'image', 'image': 'results/tune_rrep_sr/per-sample/0817/2_input.png'}]}]
TAG: spiky texture, ceramic bowl, close-up view, detailed pattern, vibrant colors, sharp spikes, textured surface, ceramic design, intricate details, close-up
RECURSION: 2
CROP@rec2 strategy=center bbox=(192,192,320,320) of 512x512
START IMAGE PATH: results/tune_rrep_sr/per-sample/0817/2.png
INPUT IMAGE PATH: results/tune_rrep_sr/per-sample/0817/3_input.png
MESSAGE TEXT: The second image is a zoom-in of the first image. Based on this knowledge, what is in the second image? Give me a set of words.
MESSAGES
[{'role': 'system', 'content': 'The second image is a zoom-in of the first image. Based on this knowledge, what is in the second image? Give me a set of words.'}, {'role': 'user', 'content': [{'type': 'image', 'image': 'results/tune_rrep_sr/per-sample/0817/2.png'}, {'type': 'image', 'image': 'results/tune_rrep_sr/per-sample/0817/3_input.png'}]}]
TAG: shell, detail, texture, underwater, marine, close-up, macro, natural, underwater, ocean, sea, shellfish, coral, rock, sand,
RECURSION: 3
CROP@rec3 strategy=center bbox=(192,192,320,320) of 512x512
START IMAGE PATH: results/tune_rrep_sr/per-sample/0817/3.png
INPUT IMAGE PATH: results/tune_rrep_sr/per-sample/0817/4_input.png
MESSAGE TEXT: The second image is a zoom-in of the first image. Based on this knowledge, what is in the second image? Give me a set of words.
MESSAGES
[{'role': 'system', 'content': 'The second image is a zoom-in of the first image. Based on this knowledge, what is in the second image? Give me a set of words.'}, {'role': 'user', 'content': [{'type': 'image', 'image': 'results/tune_rrep_sr/per-sample/0817/3.png'}, {'type': 'image', 'image': 'results/tune_rrep_sr/per-sample/0817/4_input.png'}]}]
TAG: Tea cup, ceramic, close-up, texture, rim, interior, color contrast, brown, white, blue, detail, macro, photograph, ceramic ware
#### IMAGE: 0818.png
RECURSION: 0
CROP@rec0 strategy=center bbox=(192,192,320,320) of 512x512
START IMAGE PATH: results/tune_rrep_sr/per-sample/0818/0.png
INPUT IMAGE PATH: results/tune_rrep_sr/per-sample/0818/1_input.png
MESSAGE TEXT: The second image is a zoom-in of the first image. Based on this knowledge, what is in the second image? Give me a set of words.
MESSAGES
[{'role': 'system', 'content': 'The second image is a zoom-in of the first image. Based on this knowledge, what is in the second image? Give me a set of words.'}, {'role': 'user', 'content': [{'type': 'image', 'image': 'results/tune_rrep_sr/per-sample/0818/0.png'}, {'type': 'image', 'image': 'results/tune_rrep_sr/per-sample/0818/1_input.png'}]}]
TAG: Buddha statue, stone steps, ornate roof, dragon sculpture, garden, stone wall, potted plants, blue sky, clouds, ancient architecture,
RECURSION: 1
CROP@rec1 strategy=center bbox=(192,192,320,320) of 512x512
START IMAGE PATH: results/tune_rrep_sr/per-sample/0818/1.png
INPUT IMAGE PATH: results/tune_rrep_sr/per-sample/0818/2_input.png
MESSAGE TEXT: The second image is a zoom-in of the first image. Based on this knowledge, what is in the second image? Give me a set of words.
MESSAGES
[{'role': 'system', 'content': 'The second image is a zoom-in of the first image. Based on this knowledge, what is in the second image? Give me a set of words.'}, {'role': 'user', 'content': [{'type': 'image', 'image': 'results/tune_rrep_sr/per-sample/0818/1.png'}, {'type': 'image', 'image': 'results/tune_rrep_sr/per-sample/0818/2_input.png'}]}]
TAG: stone carving, temple, roof, dragon, intricate, details, ancient, architecture, decorative, green tiles, weathered, texture, craftsmanship, cultural, symbol
RECURSION: 2
CROP@rec2 strategy=center bbox=(192,192,320,320) of 512x512
START IMAGE PATH: results/tune_rrep_sr/per-sample/0818/2.png
INPUT IMAGE PATH: results/tune_rrep_sr/per-sample/0818/3_input.png
MESSAGE TEXT: The second image is a zoom-in of the first image. Based on this knowledge, what is in the second image? Give me a set of words.
MESSAGES
[{'role': 'system', 'content': 'The second image is a zoom-in of the first image. Based on this knowledge, what is in the second image? Give me a set of words.'}, {'role': 'user', 'content': [{'type': 'image', 'image': 'results/tune_rrep_sr/per-sample/0818/2.png'}, {'type': 'image', 'image': 'results/tune_rrep_sr/per-sample/0818/3_input.png'}]}]
TAG: stone carving, architectural detail, intricate patterns, ancient design, weathered texture, ornate elements, historical artifact, craftsmanship, decorative feature, architectural ornament, stone
RECURSION: 3
CROP@rec3 strategy=center bbox=(192,192,320,320) of 512x512
START IMAGE PATH: results/tune_rrep_sr/per-sample/0818/3.png
INPUT IMAGE PATH: results/tune_rrep_sr/per-sample/0818/4_input.png
MESSAGE TEXT: The second image is a zoom-in of the first image. Based on this knowledge, what is in the second image? Give me a set of words.
MESSAGES
[{'role': 'system', 'content': 'The second image is a zoom-in of the first image. Based on this knowledge, what is in the second image? Give me a set of words.'}, {'role': 'user', 'content': [{'type': 'image', 'image': 'results/tune_rrep_sr/per-sample/0818/3.png'}, {'type': 'image', 'image': 'results/tune_rrep_sr/per-sample/0818/4_input.png'}]}]
TAG: rock, texture, close-up, natural, surface, pattern, geological, rock formation, mineral, stone, earth, landscape, rock face, rock layer,
#### IMAGE: 0819.png
RECURSION: 0
CROP@rec0 strategy=center bbox=(192,192,320,320) of 512x512
START IMAGE PATH: results/tune_rrep_sr/per-sample/0819/0.png
INPUT IMAGE PATH: results/tune_rrep_sr/per-sample/0819/1_input.png
MESSAGE TEXT: The second image is a zoom-in of the first image. Based on this knowledge, what is in the second image? Give me a set of words.
MESSAGES
[{'role': 'system', 'content': 'The second image is a zoom-in of the first image. Based on this knowledge, what is in the second image? Give me a set of words.'}, {'role': 'user', 'content': [{'type': 'image', 'image': 'results/tune_rrep_sr/per-sample/0819/0.png'}, {'type': 'image', 'image': 'results/tune_rrep_sr/per-sample/0819/1_input.png'}]}]
TAG: soldiers, camouflage uniforms, rifles, crouching, grass, rocks, forest, military training, equipment, gear, weapons, nature, environment, action
RECURSION: 1
CROP@rec1 strategy=center bbox=(192,192,320,320) of 512x512
START IMAGE PATH: results/tune_rrep_sr/per-sample/0819/1.png
INPUT IMAGE PATH: results/tune_rrep_sr/per-sample/0819/2_input.png
MESSAGE TEXT: The second image is a zoom-in of the first image. Based on this knowledge, what is in the second image? Give me a set of words.
MESSAGES
[{'role': 'system', 'content': 'The second image is a zoom-in of the first image. Based on this knowledge, what is in the second image? Give me a set of words.'}, {'role': 'user', 'content': [{'type': 'image', 'image': 'results/tune_rrep_sr/per-sample/0819/1.png'}, {'type': 'image', 'image': 'results/tune_rrep_sr/per-sample/0819/2_input.png'}]}]
TAG: arm, camouflage, gun, weapon, military, uniform, outdoors, nature, grass, rock, close-up, detail, focus, zoom-in, zoomed
RECURSION: 2
CROP@rec2 strategy=center bbox=(192,192,320,320) of 512x512
START IMAGE PATH: results/tune_rrep_sr/per-sample/0819/2.png
INPUT IMAGE PATH: results/tune_rrep_sr/per-sample/0819/3_input.png
MESSAGE TEXT: The second image is a zoom-in of the first image. Based on this knowledge, what is in the second image? Give me a set of words.
MESSAGES
[{'role': 'system', 'content': 'The second image is a zoom-in of the first image. Based on this knowledge, what is in the second image? Give me a set of words.'}, {'role': 'user', 'content': [{'type': 'image', 'image': 'results/tune_rrep_sr/per-sample/0819/2.png'}, {'type': 'image', 'image': 'results/tune_rrep_sr/per-sample/0819/3_input.png'}]}]
TAG: Cloth, Camouflage, Pattern, Fabric, Texture, Close-up, Detail, Military, Uniform, Design, Embroidery, Stitching, Colorful
RECURSION: 3
CROP@rec3 strategy=center bbox=(192,192,320,320) of 512x512
START IMAGE PATH: results/tune_rrep_sr/per-sample/0819/3.png
INPUT IMAGE PATH: results/tune_rrep_sr/per-sample/0819/4_input.png
MESSAGE TEXT: The second image is a zoom-in of the first image. Based on this knowledge, what is in the second image? Give me a set of words.
MESSAGES
[{'role': 'system', 'content': 'The second image is a zoom-in of the first image. Based on this knowledge, what is in the second image? Give me a set of words.'}, {'role': 'user', 'content': [{'type': 'image', 'image': 'results/tune_rrep_sr/per-sample/0819/3.png'}, {'type': 'image', 'image': 'results/tune_rrep_sr/per-sample/0819/4_input.png'}]}]
TAG: Cloth, Fabric, Material, Texture, Close-up, Detail, Pattern, Embroidery, Camouflage, Fish, Design, Color, Green, Blue
#### IMAGE: 0820.png
RECURSION: 0
CROP@rec0 strategy=center bbox=(192,192,320,320) of 512x512
START IMAGE PATH: results/tune_rrep_sr/per-sample/0820/0.png
INPUT IMAGE PATH: results/tune_rrep_sr/per-sample/0820/1_input.png
MESSAGE TEXT: The second image is a zoom-in of the first image. Based on this knowledge, what is in the second image? Give me a set of words.
MESSAGES
[{'role': 'system', 'content': 'The second image is a zoom-in of the first image. Based on this knowledge, what is in the second image? Give me a set of words.'}, {'role': 'user', 'content': [{'type': 'image', 'image': 'results/tune_rrep_sr/per-sample/0820/0.png'}, {'type': 'image', 'image': 'results/tune_rrep_sr/per-sample/0820/1_input.png'}]}]
TAG: train, tracks, power lines, station, modern, sleek, metallic, windows, doors, red light, yellow poles, gravel, steel, infrastructure, transportation
RECURSION: 1
CROP@rec1 strategy=center bbox=(192,192,320,320) of 512x512
START IMAGE PATH: results/tune_rrep_sr/per-sample/0820/1.png
INPUT IMAGE PATH: results/tune_rrep_sr/per-sample/0820/2_input.png
MESSAGE TEXT: The second image is a zoom-in of the first image. Based on this knowledge, what is in the second image? Give me a set of words.
MESSAGES
[{'role': 'system', 'content': 'The second image is a zoom-in of the first image. Based on this knowledge, what is in the second image? Give me a set of words.'}, {'role': 'user', 'content': [{'type': 'image', 'image': 'results/tune_rrep_sr/per-sample/0820/1.png'}, {'type': 'image', 'image': 'results/tune_rrep_sr/per-sample/0820/2_input.png'}]}]
TAG: train, side view, reflection, windows, doors, metal, exterior, close-up, details, modern, sleek, transportation, infrastructure, industrial, mechanical,
RECURSION: 2
CROP@rec2 strategy=center bbox=(192,192,320,320) of 512x512
START IMAGE PATH: results/tune_rrep_sr/per-sample/0820/2.png
INPUT IMAGE PATH: results/tune_rrep_sr/per-sample/0820/3_input.png
MESSAGE TEXT: The second image is a zoom-in of the first image. Based on this knowledge, what is in the second image? Give me a set of words.
MESSAGES
[{'role': 'system', 'content': 'The second image is a zoom-in of the first image. Based on this knowledge, what is in the second image? Give me a set of words.'}, {'role': 'user', 'content': [{'type': 'image', 'image': 'results/tune_rrep_sr/per-sample/0820/2.png'}, {'type': 'image', 'image': 'results/tune_rrep_sr/per-sample/0820/3_input.png'}]}]
TAG: Window, Reflection, Trees, Foggy, Urban, Cityscape, Glass, Door, Metal, Structure, Architecture, Urban, Nature, Contrast, Symmetry
RECURSION: 3
CROP@rec3 strategy=center bbox=(192,192,320,320) of 512x512
START IMAGE PATH: results/tune_rrep_sr/per-sample/0820/3.png
INPUT IMAGE PATH: results/tune_rrep_sr/per-sample/0820/4_input.png
MESSAGE TEXT: The second image is a zoom-in of the first image. Based on this knowledge, what is in the second image? Give me a set of words.
MESSAGES
[{'role': 'system', 'content': 'The second image is a zoom-in of the first image. Based on this knowledge, what is in the second image? Give me a set of words.'}, {'role': 'user', 'content': [{'type': 'image', 'image': 'results/tune_rrep_sr/per-sample/0820/3.png'}, {'type': 'image', 'image': 'results/tune_rrep_sr/per-sample/0820/4_input.png'}]}]
TAG: Window, Reflection, Trees, Foggy, Snowy, Winter, Curtains, Glass, Metal, Frame, Outdoor, Interior, Home, Nature, Weather
#### IMAGE: 0821.png
RECURSION: 0
CROP@rec0 strategy=center bbox=(192,192,320,320) of 512x512
START IMAGE PATH: results/tune_rrep_sr/per-sample/0821/0.png
INPUT IMAGE PATH: results/tune_rrep_sr/per-sample/0821/1_input.png
MESSAGE TEXT: The second image is a zoom-in of the first image. Based on this knowledge, what is in the second image? Give me a set of words.
MESSAGES
[{'role': 'system', 'content': 'The second image is a zoom-in of the first image. Based on this knowledge, what is in the second image? Give me a set of words.'}, {'role': 'user', 'content': [{'type': 'image', 'image': 'results/tune_rrep_sr/per-sample/0821/0.png'}, {'type': 'image', 'image': 'results/tune_rrep_sr/per-sample/0821/1_input.png'}]}]
TAG: Stained glass, floral pattern, circular design, vibrant colors, intricate details, sunlight, window, art, craftsmanship, historical, religious, decorative, artistic,
RECURSION: 1
CROP@rec1 strategy=center bbox=(192,192,320,320) of 512x512
START IMAGE PATH: results/tune_rrep_sr/per-sample/0821/1.png
INPUT IMAGE PATH: results/tune_rrep_sr/per-sample/0821/2_input.png
MESSAGE TEXT: The second image is a zoom-in of the first image. Based on this knowledge, what is in the second image? Give me a set of words.
MESSAGES
[{'role': 'system', 'content': 'The second image is a zoom-in of the first image. Based on this knowledge, what is in the second image? Give me a set of words.'}, {'role': 'user', 'content': [{'type': 'image', 'image': 'results/tune_rrep_sr/per-sample/0821/1.png'}, {'type': 'image', 'image': 'results/tune_rrep_sr/per-sample/0821/2_input.png'}]}]
TAG: Stained glass window, sunflower, petals, circle, black, yellow, blue, light, dark, close-up, detail, texture, pattern, art
RECURSION: 2
CROP@rec2 strategy=center bbox=(192,192,320,320) of 512x512
START IMAGE PATH: results/tune_rrep_sr/per-sample/0821/2.png
INPUT IMAGE PATH: results/tune_rrep_sr/per-sample/0821/3_input.png
MESSAGE TEXT: The second image is a zoom-in of the first image. Based on this knowledge, what is in the second image? Give me a set of words.
MESSAGES
[{'role': 'system', 'content': 'The second image is a zoom-in of the first image. Based on this knowledge, what is in the second image? Give me a set of words.'}, {'role': 'user', 'content': [{'type': 'image', 'image': 'results/tune_rrep_sr/per-sample/0821/2.png'}, {'type': 'image', 'image': 'results/tune_rrep_sr/per-sample/0821/3_input.png'}]}]
TAG: Window, airplane, dark, close-up, detail, interior, view, flight, travel, transportation, aircraft, cockpit, seat, windowpane, glass,
RECURSION: 3
CROP@rec3 strategy=center bbox=(192,192,320,320) of 512x512
START IMAGE PATH: results/tune_rrep_sr/per-sample/0821/3.png
INPUT IMAGE PATH: results/tune_rrep_sr/per-sample/0821/4_input.png
MESSAGE TEXT: The second image is a zoom-in of the first image. Based on this knowledge, what is in the second image? Give me a set of words.
MESSAGES
[{'role': 'system', 'content': 'The second image is a zoom-in of the first image. Based on this knowledge, what is in the second image? Give me a set of words.'}, {'role': 'user', 'content': [{'type': 'image', 'image': 'results/tune_rrep_sr/per-sample/0821/3.png'}, {'type': 'image', 'image': 'results/tune_rrep_sr/per-sample/0821/4_input.png'}]}]
TAG: Darkness, Zoom-in, Detail, Close-up, Contrast, Shadows, Texture, Infrared, Night, Macro, Focus, Detailing, Closeup,
#### IMAGE: 0822.png
RECURSION: 0
CROP@rec0 strategy=center bbox=(192,192,320,320) of 512x512
START IMAGE PATH: results/tune_rrep_sr/per-sample/0822/0.png
INPUT IMAGE PATH: results/tune_rrep_sr/per-sample/0822/1_input.png
MESSAGE TEXT: The second image is a zoom-in of the first image. Based on this knowledge, what is in the second image? Give me a set of words.
MESSAGES
[{'role': 'system', 'content': 'The second image is a zoom-in of the first image. Based on this knowledge, what is in the second image? Give me a set of words.'}, {'role': 'user', 'content': [{'type': 'image', 'image': 'results/tune_rrep_sr/per-sample/0822/0.png'}, {'type': 'image', 'image': 'results/tune_rrep_sr/per-sample/0822/1_input.png'}]}]
TAG: basket, mushrooms, grass, close-up, detail, wicker, natural, outdoor, forest, harvest, autumn, wild, edible, gourmet, seasoning,
RECURSION: 1
CROP@rec1 strategy=center bbox=(192,192,320,320) of 512x512
START IMAGE PATH: results/tune_rrep_sr/per-sample/0822/1.png
INPUT IMAGE PATH: results/tune_rrep_sr/per-sample/0822/2_input.png
MESSAGE TEXT: The second image is a zoom-in of the first image. Based on this knowledge, what is in the second image? Give me a set of words.
MESSAGES
[{'role': 'system', 'content': 'The second image is a zoom-in of the first image. Based on this knowledge, what is in the second image? Give me a set of words.'}, {'role': 'user', 'content': [{'type': 'image', 'image': 'results/tune_rrep_sr/per-sample/0822/1.png'}, {'type': 'image', 'image': 'results/tune_rrep_sr/per-sample/0822/2_input.png'}]}]
TAG: Rocks, Basket, Close-up, Heart-shaped, Natural, Pebbles, Wicker, Detail, Texture, Outdoor, Beach, Stone, Closeup,
RECURSION: 2
CROP@rec2 strategy=center bbox=(192,192,320,320) of 512x512
START IMAGE PATH: results/tune_rrep_sr/per-sample/0822/2.png
INPUT IMAGE PATH: results/tune_rrep_sr/per-sample/0822/3_input.png
MESSAGE TEXT: The second image is a zoom-in of the first image. Based on this knowledge, what is in the second image? Give me a set of words.
MESSAGES
[{'role': 'system', 'content': 'The second image is a zoom-in of the first image. Based on this knowledge, what is in the second image? Give me a set of words.'}, {'role': 'user', 'content': [{'type': 'image', 'image': 'results/tune_rrep_sr/per-sample/0822/2.png'}, {'type': 'image', 'image': 'results/tune_rrep_sr/per-sample/0822/3_input.png'}]}]
TAG: rock, texture, close-up, natural, surface, detail, macro, outdoor, geological, stone, pattern, rough, naturalistic, earthy, organic
RECURSION: 3
CROP@rec3 strategy=center bbox=(192,192,320,320) of 512x512
START IMAGE PATH: results/tune_rrep_sr/per-sample/0822/3.png
INPUT IMAGE PATH: results/tune_rrep_sr/per-sample/0822/4_input.png
MESSAGE TEXT: The second image is a zoom-in of the first image. Based on this knowledge, what is in the second image? Give me a set of words.
MESSAGES
[{'role': 'system', 'content': 'The second image is a zoom-in of the first image. Based on this knowledge, what is in the second image? Give me a set of words.'}, {'role': 'user', 'content': [{'type': 'image', 'image': 'results/tune_rrep_sr/per-sample/0822/3.png'}, {'type': 'image', 'image': 'results/tune_rrep_sr/per-sample/0822/4_input.png'}]}]
TAG: rock texture, natural stone, beige color, rough surface, geological formation, outdoor landscape, mineral pattern, earthy tones, weathered appearance, close-up view
#### IMAGE: 0823.png
RECURSION: 0
CROP@rec0 strategy=center bbox=(192,192,320,320) of 512x512
START IMAGE PATH: results/tune_rrep_sr/per-sample/0823/0.png
INPUT IMAGE PATH: results/tune_rrep_sr/per-sample/0823/1_input.png
MESSAGE TEXT: The second image is a zoom-in of the first image. Based on this knowledge, what is in the second image? Give me a set of words.
MESSAGES
[{'role': 'system', 'content': 'The second image is a zoom-in of the first image. Based on this knowledge, what is in the second image? Give me a set of words.'}, {'role': 'user', 'content': [{'type': 'image', 'image': 'results/tune_rrep_sr/per-sample/0823/0.png'}, {'type': 'image', 'image': 'results/tune_rrep_sr/per-sample/0823/1_input.png'}]}]
TAG: Santorini, Greece, cliffside, architecture, blue domes, white buildings, Aegean Sea, turquoise waters, vacation, travel, tourism,
RECURSION: 1
CROP@rec1 strategy=center bbox=(192,192,320,320) of 512x512
START IMAGE PATH: results/tune_rrep_sr/per-sample/0823/1.png
INPUT IMAGE PATH: results/tune_rrep_sr/per-sample/0823/2_input.png
MESSAGE TEXT: The second image is a zoom-in of the first image. Based on this knowledge, what is in the second image? Give me a set of words.
MESSAGES
[{'role': 'system', 'content': 'The second image is a zoom-in of the first image. Based on this knowledge, what is in the second image? Give me a set of words.'}, {'role': 'user', 'content': [{'type': 'image', 'image': 'results/tune_rrep_sr/per-sample/0823/1.png'}, {'type': 'image', 'image': 'results/tune_rrep_sr/per-sample/0823/2_input.png'}]}]
TAG: blue building, white building, balcony, window, roof, ocean, sea, view, architecture, structure, island, vacation, holiday, travel, destination,
RECURSION: 2
CROP@rec2 strategy=center bbox=(192,192,320,320) of 512x512
START IMAGE PATH: results/tune_rrep_sr/per-sample/0823/2.png
INPUT IMAGE PATH: results/tune_rrep_sr/per-sample/0823/3_input.png
MESSAGE TEXT: The second image is a zoom-in of the first image. Based on this knowledge, what is in the second image? Give me a set of words.
MESSAGES
[{'role': 'system', 'content': 'The second image is a zoom-in of the first image. Based on this knowledge, what is in the second image? Give me a set of words.'}, {'role': 'user', 'content': [{'type': 'image', 'image': 'results/tune_rrep_sr/per-sample/0823/2.png'}, {'type': 'image', 'image': 'results/tune_rrep_sr/per-sample/0823/3_input.png'}]}]
TAG: Building, architecture, blue and white, Mediterranean, rooftops, shadows, sunlight, windows, balconies, outdoor, summer, vacation, holiday, travel,
RECURSION: 3
CROP@rec3 strategy=center bbox=(192,192,320,320) of 512x512
START IMAGE PATH: results/tune_rrep_sr/per-sample/0823/3.png
INPUT IMAGE PATH: results/tune_rrep_sr/per-sample/0823/4_input.png
MESSAGE TEXT: The second image is a zoom-in of the first image. Based on this knowledge, what is in the second image? Give me a set of words.
MESSAGES
[{'role': 'system', 'content': 'The second image is a zoom-in of the first image. Based on this knowledge, what is in the second image? Give me a set of words.'}, {'role': 'user', 'content': [{'type': 'image', 'image': 'results/tune_rrep_sr/per-sample/0823/3.png'}, {'type': 'image', 'image': 'results/tune_rrep_sr/per-sample/0823/4_input.png'}]}]
TAG: White, blue, corner, building, close-up, architectural, exterior, modern, minimalist, geometric, clean, simple, urban, contemporary, sleek, sharp
#### IMAGE: 0824.png
RECURSION: 0
CROP@rec0 strategy=center bbox=(192,192,320,320) of 512x512
START IMAGE PATH: results/tune_rrep_sr/per-sample/0824/0.png
INPUT IMAGE PATH: results/tune_rrep_sr/per-sample/0824/1_input.png
MESSAGE TEXT: The second image is a zoom-in of the first image. Based on this knowledge, what is in the second image? Give me a set of words.
MESSAGES
[{'role': 'system', 'content': 'The second image is a zoom-in of the first image. Based on this knowledge, what is in the second image? Give me a set of words.'}, {'role': 'user', 'content': [{'type': 'image', 'image': 'results/tune_rrep_sr/per-sample/0824/0.png'}, {'type': 'image', 'image': 'results/tune_rrep_sr/per-sample/0824/1_input.png'}]}]
TAG: ship wheel, close-up, rusty, steering wheel, nautical, vintage, wooden, metal, ropes, deck, sunlight, shadows, background, sea,
RECURSION: 1
CROP@rec1 strategy=center bbox=(192,192,320,320) of 512x512
START IMAGE PATH: results/tune_rrep_sr/per-sample/0824/1.png
INPUT IMAGE PATH: results/tune_rrep_sr/per-sample/0824/2_input.png
MESSAGE TEXT: The second image is a zoom-in of the first image. Based on this knowledge, what is in the second image? Give me a set of words.
MESSAGES
[{'role': 'system', 'content': 'The second image is a zoom-in of the first image. Based on this knowledge, what is in the second image? Give me a set of words.'}, {'role': 'user', 'content': [{'type': 'image', 'image': 'results/tune_rrep_sr/per-sample/0824/1.png'}, {'type': 'image', 'image': 'results/tune_rrep_sr/per-sample/0824/2_input.png'}]}]
TAG: propeller, close-up, metal, rusted, vintage, industrial, detail, texture, weathered, old-fashioned, mechanical, craftsmanship, engineering, antique
RECURSION: 2
CROP@rec2 strategy=center bbox=(192,192,320,320) of 512x512
START IMAGE PATH: results/tune_rrep_sr/per-sample/0824/2.png
INPUT IMAGE PATH: results/tune_rrep_sr/per-sample/0824/3_input.png
MESSAGE TEXT: The second image is a zoom-in of the first image. Based on this knowledge, what is in the second image? Give me a set of words.
MESSAGES
[{'role': 'system', 'content': 'The second image is a zoom-in of the first image. Based on this knowledge, what is in the second image? Give me a set of words.'}, {'role': 'user', 'content': [{'type': 'image', 'image': 'results/tune_rrep_sr/per-sample/0824/2.png'}, {'type': 'image', 'image': 'results/tune_rrep_sr/per-sample/0824/3_input.png'}]}]
TAG: camera, lens, macro, detail, close-up, metal, rust, texture, vintage, photography, equipment, object,放大镜,放大,细节,
RECURSION: 3
CROP@rec3 strategy=center bbox=(192,192,320,320) of 512x512
START IMAGE PATH: results/tune_rrep_sr/per-sample/0824/3.png
INPUT IMAGE PATH: results/tune_rrep_sr/per-sample/0824/4_input.png
MESSAGE TEXT: The second image is a zoom-in of the first image. Based on this knowledge, what is in the second image? Give me a set of words.
MESSAGES
[{'role': 'system', 'content': 'The second image is a zoom-in of the first image. Based on this knowledge, what is in the second image? Give me a set of words.'}, {'role': 'user', 'content': [{'type': 'image', 'image': 'results/tune_rrep_sr/per-sample/0824/3.png'}, {'type': 'image', 'image': 'results/tune_rrep_sr/per-sample/0824/4_input.png'}]}]
TAG: Metallic, curved, surface, close-up, texture, reflective, dark background, industrial, metallic sheen, curvature, detail, macro, close-up view
#### IMAGE: 0825.png
RECURSION: 0
CROP@rec0 strategy=center bbox=(192,192,320,320) of 512x512
START IMAGE PATH: results/tune_rrep_sr/per-sample/0825/0.png
INPUT IMAGE PATH: results/tune_rrep_sr/per-sample/0825/1_input.png
MESSAGE TEXT: The second image is a zoom-in of the first image. Based on this knowledge, what is in the second image? Give me a set of words.
MESSAGES
[{'role': 'system', 'content': 'The second image is a zoom-in of the first image. Based on this knowledge, what is in the second image? Give me a set of words.'}, {'role': 'user', 'content': [{'type': 'image', 'image': 'results/tune_rrep_sr/per-sample/0825/0.png'}, {'type': 'image', 'image': 'results/tune_rrep_sr/per-sample/0825/1_input.png'}]}]
TAG: band, music, orchestra, outdoor, steps, audience, flags, banners, musicians, instruments, performance, celebration, traditional, local, community, event,
RECURSION: 1
CROP@rec1 strategy=center bbox=(192,192,320,320) of 512x512
START IMAGE PATH: results/tune_rrep_sr/per-sample/0825/1.png
INPUT IMAGE PATH: results/tune_rrep_sr/per-sample/0825/2_input.png
MESSAGE TEXT: The second image is a zoom-in of the first image. Based on this knowledge, what is in the second image? Give me a set of words.
MESSAGES
[{'role': 'system', 'content': 'The second image is a zoom-in of the first image. Based on this knowledge, what is in the second image? Give me a set of words.'}, {'role': 'user', 'content': [{'type': 'image', 'image': 'results/tune_rrep_sr/per-sample/0825/1.png'}, {'type': 'image', 'image': 'results/tune_rrep_sr/per-sample/0825/2_input.png'}]}]
TAG: Drum, Band, Performance, Steps, Instruments, Uniforms, People, Outdoor, Celebration, Music, Ensemble, Brass, Percussion, Drummer,
RECURSION: 2
CROP@rec2 strategy=center bbox=(192,192,320,320) of 512x512
START IMAGE PATH: results/tune_rrep_sr/per-sample/0825/2.png
INPUT IMAGE PATH: results/tune_rrep_sr/per-sample/0825/3_input.png
MESSAGE TEXT: The second image is a zoom-in of the first image. Based on this knowledge, what is in the second image? Give me a set of words.
MESSAGES
[{'role': 'system', 'content': 'The second image is a zoom-in of the first image. Based on this knowledge, what is in the second image? Give me a set of words.'}, {'role': 'user', 'content': [{'type': 'image', 'image': 'results/tune_rrep_sr/per-sample/0825/2.png'}, {'type': 'image', 'image': 'results/tune_rrep_sr/per-sample/0825/3_input.png'}]}]
TAG: Drum, trophy, silver, shiny, close-up, details, hands, person, black, white, uniform, background, blurred, focus, close,
RECURSION: 3
CROP@rec3 strategy=center bbox=(192,192,320,320) of 512x512
START IMAGE PATH: results/tune_rrep_sr/per-sample/0825/3.png
INPUT IMAGE PATH: results/tune_rrep_sr/per-sample/0825/4_input.png
MESSAGE TEXT: The second image is a zoom-in of the first image. Based on this knowledge, what is in the second image? Give me a set of words.
MESSAGES
[{'role': 'system', 'content': 'The second image is a zoom-in of the first image. Based on this knowledge, what is in the second image? Give me a set of words.'}, {'role': 'user', 'content': [{'type': 'image', 'image': 'results/tune_rrep_sr/per-sample/0825/3.png'}, {'type': 'image', 'image': 'results/tune_rrep_sr/per-sample/0825/4_input.png'}]}]
TAG: Drum, Close-up, Chrome, Detail, Metallic, Texture, Reflection, Black, Surface, Instrument, Musical, Artistic, Photography, Focus, High
#### IMAGE: 0826.png
RECURSION: 0
CROP@rec0 strategy=center bbox=(192,192,320,320) of 512x512
START IMAGE PATH: results/tune_rrep_sr/per-sample/0826/0.png
INPUT IMAGE PATH: results/tune_rrep_sr/per-sample/0826/1_input.png
MESSAGE TEXT: The second image is a zoom-in of the first image. Based on this knowledge, what is in the second image? Give me a set of words.
MESSAGES
[{'role': 'system', 'content': 'The second image is a zoom-in of the first image. Based on this knowledge, what is in the second image? Give me a set of words.'}, {'role': 'user', 'content': [{'type': 'image', 'image': 'results/tune_rrep_sr/per-sample/0826/0.png'}, {'type': 'image', 'image': 'results/tune_rrep_sr/per-sample/0826/1_input.png'}]}]
TAG: building, gate, entrance, traditional, Chinese, architecture, ornate, colorful, intricate, design, wooden, beams, pillars, roof, decorative, patterns
RECURSION: 1
CROP@rec1 strategy=center bbox=(192,192,320,320) of 512x512
START IMAGE PATH: results/tune_rrep_sr/per-sample/0826/1.png
INPUT IMAGE PATH: results/tune_rrep_sr/per-sample/0826/2_input.png
MESSAGE TEXT: The second image is a zoom-in of the first image. Based on this knowledge, what is in the second image? Give me a set of words.
MESSAGES
[{'role': 'system', 'content': 'The second image is a zoom-in of the first image. Based on this knowledge, what is in the second image? Give me a set of words.'}, {'role': 'user', 'content': [{'type': 'image', 'image': 'results/tune_rrep_sr/per-sample/0826/1.png'}, {'type': 'image', 'image': 'results/tune_rrep_sr/per-sample/0826/2_input.png'}]}]
TAG: Traditional Chinese architecture, intricate designs, dragon motifs, colorful patterns, wooden beams, ornate decorations, cultural heritage, historical significance, architectural details, vibrant colors,
RECURSION: 2
CROP@rec2 strategy=center bbox=(192,192,320,320) of 512x512
START IMAGE PATH: results/tune_rrep_sr/per-sample/0826/2.png
INPUT IMAGE PATH: results/tune_rrep_sr/per-sample/0826/3_input.png
MESSAGE TEXT: The second image is a zoom-in of the first image. Based on this knowledge, what is in the second image? Give me a set of words.
MESSAGES
[{'role': 'system', 'content': 'The second image is a zoom-in of the first image. Based on this knowledge, what is in the second image? Give me a set of words.'}, {'role': 'user', 'content': [{'type': 'image', 'image': 'results/tune_rrep_sr/per-sample/0826/2.png'}, {'type': 'image', 'image': 'results/tune_rrep_sr/per-sample/0826/3_input.png'}]}]
TAG: Dragon, flower, blue, yellow, red, green, gold, pattern, detail, ancient, Chinese, art, architecture, ornament, traditional, cultural,
RECURSION: 3
CROP@rec3 strategy=center bbox=(192,192,320,320) of 512x512
START IMAGE PATH: results/tune_rrep_sr/per-sample/0826/3.png
INPUT IMAGE PATH: results/tune_rrep_sr/per-sample/0826/4_input.png
MESSAGE TEXT: The second image is a zoom-in of the first image. Based on this knowledge, what is in the second image? Give me a set of words.
MESSAGES
[{'role': 'system', 'content': 'The second image is a zoom-in of the first image. Based on this knowledge, what is in the second image? Give me a set of words.'}, {'role': 'user', 'content': [{'type': 'image', 'image': 'results/tune_rrep_sr/per-sample/0826/3.png'}, {'type': 'image', 'image': 'results/tune_rrep_sr/per-sample/0826/4_input.png'}]}]
TAG: Floral design, blue background, golden leaves, intricate patterns, abstract art, vintage style, ornate motifs, vibrant colors, detailed artwork, decorative elements,
#### IMAGE: 0827.png
RECURSION: 0
CROP@rec0 strategy=center bbox=(192,192,320,320) of 512x512
START IMAGE PATH: results/tune_rrep_sr/per-sample/0827/0.png
INPUT IMAGE PATH: results/tune_rrep_sr/per-sample/0827/1_input.png
MESSAGE TEXT: The second image is a zoom-in of the first image. Based on this knowledge, what is in the second image? Give me a set of words.
MESSAGES
[{'role': 'system', 'content': 'The second image is a zoom-in of the first image. Based on this knowledge, what is in the second image? Give me a set of words.'}, {'role': 'user', 'content': [{'type': 'image', 'image': 'results/tune_rrep_sr/per-sample/0827/0.png'}, {'type': 'image', 'image': 'results/tune_rrep_sr/per-sample/0827/1_input.png'}]}]
TAG: Highway, traffic, cars, trucks, lights, dusk, evening, aerial view, urban, landscape, infrastructure, transportation, movement, vehicles, road,
RECURSION: 1
CROP@rec1 strategy=center bbox=(192,192,320,320) of 512x512
START IMAGE PATH: results/tune_rrep_sr/per-sample/0827/1.png
INPUT IMAGE PATH: results/tune_rrep_sr/per-sample/0827/2_input.png
MESSAGE TEXT: The second image is a zoom-in of the first image. Based on this knowledge, what is in the second image? Give me a set of words.
MESSAGES
[{'role': 'system', 'content': 'The second image is a zoom-in of the first image. Based on this knowledge, what is in the second image? Give me a set of words.'}, {'role': 'user', 'content': [{'type': 'image', 'image': 'results/tune_rrep_sr/per-sample/0827/1.png'}, {'type': 'image', 'image': 'results/tune_rrep_sr/per-sample/0827/2_input.png'}]}]
TAG: Highway, aerial view, vehicles, cars, trucks, lanes, road, traffic, transportation, urban, infrastructure, movement, speed, direction, perspective,
RECURSION: 2
CROP@rec2 strategy=center bbox=(192,192,320,320) of 512x512
START IMAGE PATH: results/tune_rrep_sr/per-sample/0827/2.png
INPUT IMAGE PATH: results/tune_rrep_sr/per-sample/0827/3_input.png
MESSAGE TEXT: The second image is a zoom-in of the first image. Based on this knowledge, what is in the second image? Give me a set of words.
MESSAGES
[{'role': 'system', 'content': 'The second image is a zoom-in of the first image. Based on this knowledge, what is in the second image? Give me a set of words.'}, {'role': 'user', 'content': [{'type': 'image', 'image': 'results/tune_rrep_sr/per-sample/0827/2.png'}, {'type': 'image', 'image': 'results/tune_rrep_sr/per-sample/0827/3_input.png'}]}]
TAG: car, road, aerial view, blue, highway, vehicle, transportation, asphalt, straight, perspective, top-down, urban, movement, speed, journey,
RECURSION: 3
CROP@rec3 strategy=center bbox=(192,192,320,320) of 512x512
START IMAGE PATH: results/tune_rrep_sr/per-sample/0827/3.png
INPUT IMAGE PATH: results/tune_rrep_sr/per-sample/0827/4_input.png
MESSAGE TEXT: The second image is a zoom-in of the first image. Based on this knowledge, what is in the second image? Give me a set of words.
MESSAGES
[{'role': 'system', 'content': 'The second image is a zoom-in of the first image. Based on this knowledge, what is in the second image? Give me a set of words.'}, {'role': 'user', 'content': [{'type': 'image', 'image': 'results/tune_rrep_sr/per-sample/0827/3.png'}, {'type': 'image', 'image': 'results/tune_rrep_sr/per-sample/0827/4_input.png'}]}]
TAG: car, street, asphalt, parking, aerial view, top-down, urban, vehicle, transportation, road, pavement, blue, parked, close-up, detail
#### IMAGE: 0828.png
RECURSION: 0
CROP@rec0 strategy=center bbox=(192,192,320,320) of 512x512
START IMAGE PATH: results/tune_rrep_sr/per-sample/0828/0.png
INPUT IMAGE PATH: results/tune_rrep_sr/per-sample/0828/1_input.png
MESSAGE TEXT: The second image is a zoom-in of the first image. Based on this knowledge, what is in the second image? Give me a set of words.
MESSAGES
[{'role': 'system', 'content': 'The second image is a zoom-in of the first image. Based on this knowledge, what is in the second image? Give me a set of words.'}, {'role': 'user', 'content': [{'type': 'image', 'image': 'results/tune_rrep_sr/per-sample/0828/0.png'}, {'type': 'image', 'image': 'results/tune_rrep_sr/per-sample/0828/1_input.png'}]}]
TAG: Star trails, night sky, telescope, silhouette, time lapse, astronomy, celestial, starlight, motion blur, dark, sky, horizon, stars, space
RECURSION: 1
CROP@rec1 strategy=center bbox=(192,192,320,320) of 512x512
START IMAGE PATH: results/tune_rrep_sr/per-sample/0828/1.png
INPUT IMAGE PATH: results/tune_rrep_sr/per-sample/0828/2_input.png
MESSAGE TEXT: The second image is a zoom-in of the first image. Based on this knowledge, what is in the second image? Give me a set of words.
MESSAGES
[{'role': 'system', 'content': 'The second image is a zoom-in of the first image. Based on this knowledge, what is in the second image? Give me a set of words.'}, {'role': 'user', 'content': [{'type': 'image', 'image': 'results/tune_rrep_sr/per-sample/0828/1.png'}, {'type': 'image', 'image': 'results/tune_rrep_sr/per-sample/0828/2_input.png'}]}]
TAG: Sky, lines, shadows, contrast, abstract, geometric, pattern, texture, dark, light, sun, rays, night, architecture, structure, frame,
RECURSION: 2
CROP@rec2 strategy=center bbox=(192,192,320,320) of 512x512
START IMAGE PATH: results/tune_rrep_sr/per-sample/0828/2.png
INPUT IMAGE PATH: results/tune_rrep_sr/per-sample/0828/3_input.png
MESSAGE TEXT: The second image is a zoom-in of the first image. Based on this knowledge, what is in the second image? Give me a set of words.
MESSAGES
[{'role': 'system', 'content': 'The second image is a zoom-in of the first image. Based on this knowledge, what is in the second image? Give me a set of words.'}, {'role': 'user', 'content': [{'type': 'image', 'image': 'results/tune_rrep_sr/per-sample/0828/2.png'}, {'type': 'image', 'image': 'results/tune_rrep_sr/per-sample/0828/3_input.png'}]}]
TAG: Sky, Clouds, Stripes, Patterns, Abstract, Geometric, Blue, Yellow, Contrast, Texture, Atmospheric, Serene, Natural, Skyline
RECURSION: 3
CROP@rec3 strategy=center bbox=(192,192,320,320) of 512x512
START IMAGE PATH: results/tune_rrep_sr/per-sample/0828/3.png
INPUT IMAGE PATH: results/tune_rrep_sr/per-sample/0828/4_input.png
MESSAGE TEXT: The second image is a zoom-in of the first image. Based on this knowledge, what is in the second image? Give me a set of words.
MESSAGES
[{'role': 'system', 'content': 'The second image is a zoom-in of the first image. Based on this knowledge, what is in the second image? Give me a set of words.'}, {'role': 'user', 'content': [{'type': 'image', 'image': 'results/tune_rrep_sr/per-sample/0828/3.png'}, {'type': 'image', 'image': 'results/tune_rrep_sr/per-sample/0828/4_input.png'}]}]
TAG: Sky, Clouds, Stripes, Abstract, Patterns, Blue, White, Contrast, Horizon, Atmosphere, Serenity, Motion, Depth, Texture,
#### IMAGE: 0829.png
RECURSION: 0
CROP@rec0 strategy=center bbox=(192,192,320,320) of 512x512
START IMAGE PATH: results/tune_rrep_sr/per-sample/0829/0.png
INPUT IMAGE PATH: results/tune_rrep_sr/per-sample/0829/1_input.png
MESSAGE TEXT: The second image is a zoom-in of the first image. Based on this knowledge, what is in the second image? Give me a set of words.
MESSAGES
[{'role': 'system', 'content': 'The second image is a zoom-in of the first image. Based on this knowledge, what is in the second image? Give me a set of words.'}, {'role': 'user', 'content': [{'type': 'image', 'image': 'results/tune_rrep_sr/per-sample/0829/0.png'}, {'type': 'image', 'image': 'results/tune_rrep_sr/per-sample/0829/1_input.png'}]}]
TAG: Butterfly, wings, green, yellow, leaf, close-up, nature, insect, vibrant, detailed, macro,放大，特写，昆虫，
RECURSION: 1
CROP@rec1 strategy=center bbox=(192,192,320,320) of 512x512
START IMAGE PATH: results/tune_rrep_sr/per-sample/0829/1.png
INPUT IMAGE PATH: results/tune_rrep_sr/per-sample/0829/2_input.png
MESSAGE TEXT: The second image is a zoom-in of the first image. Based on this knowledge, what is in the second image? Give me a set of words.
MESSAGES
[{'role': 'system', 'content': 'The second image is a zoom-in of the first image. Based on this knowledge, what is in the second image? Give me a set of words.'}, {'role': 'user', 'content': [{'type': 'image', 'image': 'results/tune_rrep_sr/per-sample/0829/1.png'}, {'type': 'image', 'image': 'results/tune_rrep_sr/per-sample/0829/2_input.png'}]}]
TAG: Butterfly, wings, close-up, green leaf, intricate patterns, vibrant colors, detailed view, nature, wildlife, macro photography, insect, beauty,
RECURSION: 2
CROP@rec2 strategy=center bbox=(192,192,320,320) of 512x512
START IMAGE PATH: results/tune_rrep_sr/per-sample/0829/2.png
INPUT IMAGE PATH: results/tune_rrep_sr/per-sample/0829/3_input.png
MESSAGE TEXT: The second image is a zoom-in of the first image. Based on this knowledge, what is in the second image? Give me a set of words.
MESSAGES
[{'role': 'system', 'content': 'The second image is a zoom-in of the first image. Based on this knowledge, what is in the second image? Give me a set of words.'}, {'role': 'user', 'content': [{'type': 'image', 'image': 'results/tune_rrep_sr/per-sample/0829/2.png'}, {'type': 'image', 'image': 'results/tune_rrep_sr/per-sample/0829/3_input.png'}]}]
TAG: Insect wing, macro, detail, texture, veins, scales, exoskeleton, insect anatomy, biological, close-up, natural, macrophotography,
RECURSION: 3
CROP@rec3 strategy=center bbox=(192,192,320,320) of 512x512
START IMAGE PATH: results/tune_rrep_sr/per-sample/0829/3.png
INPUT IMAGE PATH: results/tune_rrep_sr/per-sample/0829/4_input.png
MESSAGE TEXT: The second image is a zoom-in of the first image. Based on this knowledge, what is in the second image? Give me a set of words.
MESSAGES
[{'role': 'system', 'content': 'The second image is a zoom-in of the first image. Based on this knowledge, what is in the second image? Give me a set of words.'}, {'role': 'user', 'content': [{'type': 'image', 'image': 'results/tune_rrep_sr/per-sample/0829/3.png'}, {'type': 'image', 'image': 'results/tune_rrep_sr/per-sample/0829/4_input.png'}]}]
TAG: crack, surface, texture, close-up, zoom-in, detail, macro, pattern, dark, illuminated, night, sky, stars, galaxy, cosmic
#### IMAGE: 0830.png
RECURSION: 0
CROP@rec0 strategy=center bbox=(192,192,320,320) of 512x512
START IMAGE PATH: results/tune_rrep_sr/per-sample/0830/0.png
INPUT IMAGE PATH: results/tune_rrep_sr/per-sample/0830/1_input.png
MESSAGE TEXT: The second image is a zoom-in of the first image. Based on this knowledge, what is in the second image? Give me a set of words.
MESSAGES
[{'role': 'system', 'content': 'The second image is a zoom-in of the first image. Based on this knowledge, what is in the second image? Give me a set of words.'}, {'role': 'user', 'content': [{'type': 'image', 'image': 'results/tune_rrep_sr/per-sample/0830/0.png'}, {'type': 'image', 'image': 'results/tune_rrep_sr/per-sample/0830/1_input.png'}]}]
TAG: castle, water, reflection, architecture, historic, grandeur, medieval, stone, towers, turrets, windows, greenery, lawn, sky, clouds
RECURSION: 1
CROP@rec1 strategy=center bbox=(192,192,320,320) of 512x512
START IMAGE PATH: results/tune_rrep_sr/per-sample/0830/1.png
INPUT IMAGE PATH: results/tune_rrep_sr/per-sample/0830/2_input.png
MESSAGE TEXT: The second image is a zoom-in of the first image. Based on this knowledge, what is in the second image? Give me a set of words.
MESSAGES
[{'role': 'system', 'content': 'The second image is a zoom-in of the first image. Based on this knowledge, what is in the second image? Give me a set of words.'}, {'role': 'user', 'content': [{'type': 'image', 'image': 'results/tune_rrep_sr/per-sample/0830/1.png'}, {'type': 'image', 'image': 'results/tune_rrep_sr/per-sample/0830/2_input.png'}]}]
TAG: building, architecture, windows, stone, steps, greenery, exterior, historical, old, grand, majestic, detailed, ornate, classical, vintage,
RECURSION: 2
CROP@rec2 strategy=center bbox=(192,192,320,320) of 512x512
START IMAGE PATH: results/tune_rrep_sr/per-sample/0830/2.png
INPUT IMAGE PATH: results/tune_rrep_sr/per-sample/0830/3_input.png
MESSAGE TEXT: The second image is a zoom-in of the first image. Based on this knowledge, what is in the second image? Give me a set of words.
MESSAGES
[{'role': 'system', 'content': 'The second image is a zoom-in of the first image. Based on this knowledge, what is in the second image? Give me a set of words.'}, {'role': 'user', 'content': [{'type': 'image', 'image': 'results/tune_rrep_sr/per-sample/0830/2.png'}, {'type': 'image', 'image': 'results/tune_rrep_sr/per-sample/0830/3_input.png'}]}]
TAG: building, window, stone, frame, glass, decorative, architecture, historical, old, vintage, detailed, ornate, texture, pattern, light, shadow
RECURSION: 3
CROP@rec3 strategy=center bbox=(192,192,320,320) of 512x512
START IMAGE PATH: results/tune_rrep_sr/per-sample/0830/3.png
INPUT IMAGE PATH: results/tune_rrep_sr/per-sample/0830/4_input.png
MESSAGE TEXT: The second image is a zoom-in of the first image. Based on this knowledge, what is in the second image? Give me a set of words.
MESSAGES
[{'role': 'system', 'content': 'The second image is a zoom-in of the first image. Based on this knowledge, what is in the second image? Give me a set of words.'}, {'role': 'user', 'content': [{'type': 'image', 'image': 'results/tune_rrep_sr/per-sample/0830/3.png'}, {'type': 'image', 'image': 'results/tune_rrep_sr/per-sample/0830/4_input.png'}]}]
TAG: Window, glass, frame, close-up, detail, texture, reflections, dark, indoor, architectural, design, vintage, modern, clean, polished, weather
